"u_plus","y_plus","Points:0","Points:1","Points:2"
0.12625,0.12625,900,0.0035789,0
1.0602,1.0605,900,0.030063,0
1.9901,1.9948,900,0.056548,0
2.9068,2.9291,900,0.083032,0
3.7973,3.8633,900,0.10952,0
4.6485,4.7976,900,0.136,0
5.4505,5.7319,900,0.16249,0
6.1948,6.6662,900,0.18897,0
6.8803,7.6004,900,0.21545,0
7.5035,8.5347,900,0.24194,0
8.0689,9.469,900,0.26842,0
8.5801,10.403,900,0.29491,0
9.0416,11.338,900,0.32139,0
9.4584,12.272,900,0.34788,0
9.8349,13.206,900,0.37436,0
10.174,14.14,900,0.40084,0
10.483,15.075,900,0.42733,0
10.764,16.009,900,0.45381,0
11.019,16.943,900,0.4803,0
11.255,17.877,900,0.50678,0
11.469,18.812,900,0.53327,0
11.667,19.746,900,0.55975,0
11.85,20.68,900,0.58624,0
12.019,21.615,900,0.61272,0
12.177,22.549,900,0.6392,0
12.323,23.483,900,0.66569,0
12.46,24.417,900,0.69217,0
12.589,25.352,900,0.71866,0
12.71,26.286,900,0.74514,0
12.824,27.22,900,0.77163,0
12.931,28.154,900,0.79811,0
13.033,29.089,900,0.82459,0
13.13,30.023,900,0.85108,0
13.222,30.957,900,0.87756,0
13.31,31.892,900,0.90405,0
13.394,32.826,900,0.93053,0
13.474,33.76,900,0.95702,0
13.552,34.694,900,0.9835,0
13.626,35.629,900,1.01,0
13.697,36.563,900,1.0365,0
13.766,37.497,900,1.063,0
13.832,38.431,900,1.0894,0
13.896,39.366,900,1.1159,0
13.957,40.3,900,1.1424,0
14.017,41.234,900,1.1689,0
14.075,42.169,900,1.1954,0
14.132,43.103,900,1.2219,0
14.187,44.037,900,1.2483,0
14.24,44.971,900,1.2748,0
14.292,45.906,900,1.3013,0
14.343,46.84,900,1.3278,0
14.393,47.774,900,1.3543,0
14.441,48.708,900,1.3808,0
14.489,49.643,900,1.4073,0
14.535,50.577,900,1.4337,0
14.581,51.511,900,1.4602,0
14.626,52.446,900,1.4867,0
14.67,53.38,900,1.5132,0
14.713,54.314,900,1.5397,0
14.756,55.248,900,1.5662,0
14.798,56.183,900,1.5926,0
14.839,57.117,900,1.6191,0
14.88,58.051,900,1.6456,0
14.92,58.985,900,1.6721,0
14.959,59.92,900,1.6986,0
14.998,60.854,900,1.7251,0
15.037,61.788,900,1.7515,0
15.075,62.723,900,1.778,0
15.112,63.657,900,1.8045,0
15.149,64.591,900,1.831,0
15.185,65.525,900,1.8575,0
15.221,66.46,900,1.884,0
15.257,67.394,900,1.9105,0
15.292,68.328,900,1.9369,0
15.326,69.262,900,1.9634,0
15.36,70.197,900,1.9899,0
15.394,71.131,900,2.0164,0
15.428,72.065,900,2.0429,0
15.461,73,900,2.0694,0
15.494,73.934,900,2.0958,0
15.526,74.868,900,2.1223,0
15.558,75.802,900,2.1488,0
15.59,76.737,900,2.1753,0
15.622,77.671,900,2.2018,0
15.654,78.605,900,2.2283,0
15.685,79.539,900,2.2548,0
15.716,80.474,900,2.2812,0
15.746,81.408,900,2.3077,0
15.777,82.342,900,2.3342,0
15.807,83.277,900,2.3607,0
15.837,84.211,900,2.3872,0
15.867,85.145,900,2.4137,0
15.897,86.079,900,2.4401,0
15.926,87.014,900,2.4666,0
15.956,87.948,900,2.4931,0
15.985,88.882,900,2.5196,0
16.014,89.816,900,2.5461,0
16.042,90.751,900,2.5726,0
16.071,91.685,900,2.599,0
16.099,92.619,900,2.6255,0
16.128,93.554,900,2.652,0
16.156,94.488,900,2.6785,0
16.184,95.422,900,2.705,0
16.212,96.356,900,2.7315,0
16.24,97.291,900,2.758,0
16.267,98.225,900,2.7844,0
16.295,99.159,900,2.8109,0
16.322,100.09,900,2.8374,0
16.35,101.03,900,2.8639,0
16.377,101.96,900,2.8904,0
16.404,102.9,900,2.9169,0
16.431,103.83,900,2.9433,0
16.457,104.76,900,2.9698,0
16.484,105.7,900,2.9963,0
16.51,106.63,900,3.0228,0
16.537,107.57,900,3.0493,0
16.563,108.5,900,3.0758,0
16.589,109.44,900,3.1023,0
16.615,110.37,900,3.1287,0
16.641,111.3,900,3.1552,0
16.666,112.24,900,3.1817,0
16.692,113.17,900,3.2082,0
16.717,114.11,900,3.2347,0
16.742,115.04,900,3.2612,0
16.768,115.98,900,3.2876,0
16.793,116.91,900,3.3141,0
16.818,117.84,900,3.3406,0
16.843,118.78,900,3.3671,0
16.868,119.71,900,3.3936,0
16.892,120.65,900,3.4201,0
16.917,121.58,900,3.4465,0
16.942,122.52,900,3.473,0
16.966,123.45,900,3.4995,0
16.99,124.38,900,3.526,0
17.015,125.32,900,3.5525,0
17.039,126.25,900,3.579,0
17.063,127.19,900,3.6055,0
17.087,128.12,900,3.6319,0
17.111,129.06,900,3.6584,0
17.135,129.99,900,3.6849,0
17.158,130.92,900,3.7114,0
17.182,131.86,900,3.7379,0
17.206,132.79,900,3.7644,0
17.229,133.73,900,3.7908,0
17.252,134.66,900,3.8173,0
17.276,135.6,900,3.8438,0
17.299,136.53,900,3.8703,0
17.322,137.46,900,3.8968,0
17.345,138.4,900,3.9233,0
17.368,139.33,900,3.9498,0
17.391,140.27,900,3.9762,0
17.414,141.2,900,4.0027,0
17.437,142.14,900,4.0292,0
17.459,143.07,900,4.0557,0
17.482,144,900,4.0822,0
17.505,144.94,900,4.1087,0
17.527,145.87,900,4.1351,0
17.549,146.81,900,4.1616,0
17.572,147.74,900,4.1881,0
17.594,148.68,900,4.2146,0
17.616,149.61,900,4.2411,0
17.638,150.54,900,4.2676,0
17.66,151.48,900,4.294,0
17.682,152.41,900,4.3205,0
17.704,153.35,900,4.347,0
17.726,154.28,900,4.3735,0
17.748,155.22,900,4.4,0
17.77,156.15,900,4.4265,0
17.791,157.08,900,4.453,0
17.813,158.02,900,4.4794,0
17.835,158.95,900,4.5059,0
17.856,159.89,900,4.5324,0
17.878,160.82,900,4.5589,0
17.899,161.76,900,4.5854,0
17.92,162.69,900,4.6119,0
17.941,163.62,900,4.6383,0
17.963,164.56,900,4.6648,0
17.984,165.49,900,4.6913,0
18.005,166.43,900,4.7178,0
18.026,167.36,900,4.7443,0
18.047,168.3,900,4.7708,0
18.068,169.23,900,4.7973,0
18.089,170.16,900,4.8237,0
18.11,171.1,900,4.8502,0
18.131,172.03,900,4.8767,0
18.152,172.97,900,4.9032,0
18.172,173.9,900,4.9297,0
18.193,174.84,900,4.9562,0
18.214,175.77,900,4.9826,0
18.234,176.7,900,5.0091,0
18.255,177.64,900,5.0356,0
18.275,178.57,900,5.0621,0
18.296,179.51,900,5.0886,0
18.316,180.44,900,5.1151,0
18.336,181.38,900,5.1415,0
18.357,182.31,900,5.168,0
18.377,183.24,900,5.1945,0
18.397,184.18,900,5.221,0
18.417,185.11,900,5.2475,0
18.437,186.05,900,5.274,0
18.457,186.98,900,5.3005,0
18.477,187.92,900,5.3269,0
18.497,188.85,900,5.3534,0
18.517,189.78,900,5.3799,0
18.537,190.72,900,5.4064,0
18.557,191.65,900,5.4329,0
18.576,192.59,900,5.4594,0
18.596,193.52,900,5.4858,0
18.615,194.45,900,5.5123,0
18.635,195.39,900,5.5388,0
18.654,196.32,900,5.5653,0
18.674,197.26,900,5.5918,0
18.693,198.19,900,5.6183,0
18.713,199.13,900,5.6448,0
18.732,200.06,900,5.6712,0
18.751,200.99,900,5.6977,0
18.771,201.93,900,5.7242,0
18.79,202.86,900,5.7507,0
18.809,203.8,900,5.7772,0
18.828,204.73,900,5.8037,0
18.847,205.67,900,5.8301,0
18.867,206.6,900,5.8566,0
18.886,207.53,900,5.8831,0
18.905,208.47,900,5.9096,0
18.924,209.4,900,5.9361,0
18.943,210.34,900,5.9626,0
18.962,211.27,900,5.989,0
18.981,212.21,900,6.0155,0
19,213.14,900,6.042,0
19.019,214.07,900,6.0685,0
19.038,215.01,900,6.095,0
19.057,215.94,900,6.1215,0
19.076,216.88,900,6.148,0
19.095,217.81,900,6.1744,0
19.114,218.75,900,6.2009,0
19.133,219.68,900,6.2274,0
19.151,220.61,900,6.2539,0
19.17,221.55,900,6.2804,0
19.189,222.48,900,6.3069,0
19.208,223.42,900,6.3333,0
19.226,224.35,900,6.3598,0
19.245,225.29,900,6.3863,0
19.264,226.22,900,6.4128,0
19.282,227.15,900,6.4393,0
19.301,228.09,900,6.4658,0
19.319,229.02,900,6.4922,0
19.338,229.96,900,6.5187,0
19.356,230.89,900,6.5452,0
19.375,231.83,900,6.5717,0
19.393,232.76,900,6.5982,0
19.411,233.69,900,6.6247,0
19.429,234.63,900,6.6512,0
19.448,235.56,900,6.6776,0
19.466,236.5,900,6.7041,0
19.484,237.43,900,6.7306,0
19.502,238.37,900,6.7571,0
19.52,239.3,900,6.7836,0
19.538,240.23,900,6.8101,0
19.556,241.17,900,6.8365,0
19.573,242.1,900,6.863,0
19.591,243.04,900,6.8895,0
19.609,243.97,900,6.916,0
19.626,244.91,900,6.9425,0
19.644,245.84,900,6.969,0
19.662,246.77,900,6.9955,0
19.679,247.71,900,7.0219,0
19.697,248.64,900,7.0484,0
19.714,249.58,900,7.0749,0
19.732,250.51,900,7.1014,0
19.749,251.45,900,7.1279,0
19.767,252.38,900,7.1544,0
19.784,253.31,900,7.1808,0
19.801,254.25,900,7.2073,0
19.819,255.18,900,7.2338,0
19.836,256.12,900,7.2603,0
19.853,257.05,900,7.2868,0
19.871,257.99,900,7.3133,0
19.888,258.92,900,7.3397,0
19.905,259.85,900,7.3662,0
19.922,260.79,900,7.3927,0
19.94,261.72,900,7.4192,0
19.957,262.66,900,7.4457,0
19.974,263.59,900,7.4722,0
19.991,264.53,900,7.4987,0
20.008,265.46,900,7.5251,0
20.025,266.39,900,7.5516,0
20.042,267.33,900,7.5781,0
20.059,268.26,900,7.6046,0
20.076,269.2,900,7.6311,0
20.093,270.13,900,7.6576,0
20.11,271.07,900,7.684,0
20.127,272,900,7.7105,0
20.143,272.93,900,7.737,0
20.16,273.87,900,7.7635,0
20.177,274.8,900,7.79,0
20.194,275.74,900,7.8165,0
20.211,276.67,900,7.843,0
20.227,277.61,900,7.8694,0
20.244,278.54,900,7.8959,0
20.261,279.47,900,7.9224,0
20.277,280.41,900,7.9489,0
20.294,281.34,900,7.9754,0
20.31,282.28,900,8.0019,0
20.327,283.21,900,8.0283,0
20.343,284.15,900,8.0548,0
20.36,285.08,900,8.0813,0
20.376,286.01,900,8.1078,0
20.393,286.95,900,8.1343,0
20.409,287.88,900,8.1608,0
20.425,288.82,900,8.1873,0
20.442,289.75,900,8.2137,0
20.458,290.69,900,8.2402,0
20.474,291.62,900,8.2667,0
20.49,292.55,900,8.2932,0
20.506,293.49,900,8.3197,0
20.522,294.42,900,8.3462,0
20.538,295.36,900,8.3726,0
20.553,296.29,900,8.3991,0
20.569,297.22,900,8.4256,0
20.585,298.16,900,8.4521,0
20.6,299.09,900,8.4786,0
20.616,300.03,900,8.5051,0
20.632,300.96,900,8.5315,0
20.647,301.9,900,8.558,0
20.662,302.83,900,8.5845,0
20.677,303.76,900,8.611,0
20.693,304.7,900,8.6375,0
20.708,305.63,900,8.664,0
20.723,306.57,900,8.6905,0
20.738,307.5,900,8.7169,0
20.753,308.44,900,8.7434,0
20.767,309.37,900,8.7699,0
20.782,310.3,900,8.7964,0
20.797,311.24,900,8.8229,0
20.811,312.17,900,8.8494,0
20.826,313.11,900,8.8758,0
20.841,314.04,900,8.9023,0
20.855,314.98,900,8.9288,0
20.869,315.91,900,8.9553,0
20.884,316.84,900,8.9818,0
20.898,317.78,900,9.0083,0
20.912,318.71,900,9.0347,0
20.927,319.65,900,9.0612,0
20.941,320.58,900,9.0877,0
20.955,321.52,900,9.1142,0
20.969,322.45,900,9.1407,0
20.983,323.38,900,9.1672,0
20.997,324.32,900,9.1937,0
21.011,325.25,900,9.2201,0
21.025,326.19,900,9.2466,0
21.039,327.12,900,9.2731,0
21.053,328.06,900,9.2996,0
21.067,328.99,900,9.3261,0
21.08,329.92,900,9.3526,0
21.094,330.86,900,9.379,0
21.108,331.79,900,9.4055,0
21.122,332.73,900,9.432,0
21.135,333.66,900,9.4585,0
21.149,334.6,900,9.485,0
21.163,335.53,900,9.5115,0
21.176,336.46,900,9.538,0
21.19,337.4,900,9.5644,0
21.204,338.33,900,9.5909,0
21.217,339.27,900,9.6174,0
21.23,340.2,900,9.6439,0
21.244,341.14,900,9.6704,0
21.257,342.07,900,9.6969,0
21.271,343,900,9.7233,0
21.284,343.94,900,9.7498,0
21.297,344.87,900,9.7763,0
21.311,345.81,900,9.8028,0
21.324,346.74,900,9.8293,0
21.337,347.68,900,9.8558,0
21.35,348.61,900,9.8822,0
21.363,349.54,900,9.9087,0
21.376,350.48,900,9.9352,0
21.389,351.41,900,9.9617,0
21.402,352.35,900,9.9882,0
21.415,353.28,900,10.015,0
21.428,354.22,900,10.041,0
21.44,355.15,900,10.068,0
21.453,356.08,900,10.094,0
21.466,357.02,900,10.121,0
21.479,357.95,900,10.147,0
21.491,358.89,900,10.174,0
21.504,359.82,900,10.2,0
21.516,360.76,900,10.227,0
21.529,361.69,900,10.253,0
21.541,362.62,900,10.28,0
21.554,363.56,900,10.306,0
21.566,364.49,900,10.332,0
21.579,365.43,900,10.359,0
21.591,366.36,900,10.385,0
21.603,367.3,900,10.412,0
21.615,368.23,900,10.438,0
21.627,369.16,900,10.465,0
21.64,370.1,900,10.491,0
21.652,371.03,900,10.518,0
21.664,371.97,900,10.544,0
21.676,372.9,900,10.571,0
21.688,373.84,900,10.597,0
21.699,374.77,900,10.624,0
21.711,375.7,900,10.65,0
21.723,376.64,900,10.677,0
21.734,377.57,900,10.703,0
21.746,378.51,900,10.73,0
21.758,379.44,900,10.756,0
21.769,380.38,900,10.783,0
21.781,381.31,900,10.809,0
21.792,382.24,900,10.836,0
21.803,383.18,900,10.862,0
21.815,384.11,900,10.889,0
21.826,385.05,900,10.915,0
21.837,385.98,900,10.942,0
21.848,386.92,900,10.968,0
21.86,387.85,900,10.995,0
21.87,388.78,900,11.021,0
21.881,389.72,900,11.048,0
21.892,390.65,900,11.074,0
21.903,391.59,900,11.101,0
21.914,392.52,900,11.127,0
21.925,393.45,900,11.153,0
21.935,394.39,900,11.18,0
21.946,395.32,900,11.206,0
21.956,396.26,900,11.233,0
21.967,397.19,900,11.259,0
21.977,398.13,900,11.286,0
21.987,399.06,900,11.312,0
21.998,399.99,900,11.339,0
22.008,400.93,900,11.365,0
22.018,401.86,900,11.392,0
22.029,402.8,900,11.418,0
22.038,403.73,900,11.445,0
22.048,404.67,900,11.471,0
22.058,405.6,900,11.498,0
22.068,406.53,900,11.524,0
22.078,407.47,900,11.551,0
22.088,408.4,900,11.577,0
22.097,409.34,900,11.604,0
22.107,410.27,900,11.63,0
22.117,411.21,900,11.657,0
22.126,412.14,900,11.683,0
22.135,413.07,900,11.71,0
22.145,414.01,900,11.736,0
22.154,414.94,900,11.763,0
22.164,415.88,900,11.789,0
22.173,416.81,900,11.816,0
22.182,417.75,900,11.842,0
22.191,418.68,900,11.869,0
22.2,419.61,900,11.895,0
22.209,420.55,900,11.922,0
22.218,421.48,900,11.948,0
22.227,422.42,900,11.975,0
22.236,423.35,900,12.001,0
22.245,424.29,900,12.027,0
22.253,425.22,900,12.054,0
22.262,426.15,900,12.08,0
22.27,427.09,900,12.107,0
22.279,428.02,900,12.133,0
22.287,428.96,900,12.16,0
22.295,429.89,900,12.186,0
22.304,430.83,900,12.213,0
22.312,431.76,900,12.239,0
22.32,432.69,900,12.266,0
22.329,433.63,900,12.292,0
22.337,434.56,900,12.319,0
22.344,435.5,900,12.345,0
22.352,436.43,900,12.372,0
22.36,437.37,900,12.398,0
22.368,438.3,900,12.425,0
22.375,439.23,900,12.451,0
22.383,440.17,900,12.478,0
22.391,441.1,900,12.504,0
22.399,442.04,900,12.531,0
22.406,442.97,900,12.557,0
22.413,443.91,900,12.584,0
22.42,444.84,900,12.61,0
22.428,445.77,900,12.637,0
22.435,446.71,900,12.663,0
22.442,447.64,900,12.69,0
22.449,448.58,900,12.716,0
22.456,449.51,900,12.743,0
22.464,450.45,900,12.769,0
22.47,451.38,900,12.796,0
22.477,452.31,900,12.822,0
22.483,453.25,900,12.848,0
22.49,454.18,900,12.875,0
22.497,455.12,900,12.901,0
22.503,456.05,900,12.928,0
22.51,456.99,900,12.954,0
22.517,457.92,900,12.981,0
22.523,458.85,900,13.007,0
22.529,459.79,900,13.034,0
22.535,460.72,900,13.06,0
22.541,461.66,900,13.087,0
22.547,462.59,900,13.113,0
22.553,463.53,900,13.14,0
22.559,464.46,900,13.166,0
22.565,465.39,900,13.193,0
22.571,466.33,900,13.219,0
22.577,467.26,900,13.246,0
22.583,468.2,900,13.272,0
22.588,469.13,900,13.299,0
22.594,470.07,900,13.325,0
22.599,471,900,13.352,0
22.605,471.93,900,13.378,0
22.61,472.87,900,13.405,0
22.616,473.8,900,13.431,0
22.621,474.74,900,13.458,0
22.627,475.67,900,13.484,0
22.632,476.61,900,13.511,0
22.637,477.54,900,13.537,0
22.642,478.47,900,13.564,0
22.647,479.41,900,13.59,0
22.652,480.34,900,13.617,0
22.657,481.28,900,13.643,0
22.661,482.21,900,13.67,0
22.666,483.15,900,13.696,0
22.671,484.08,900,13.722,0
22.676,485.01,900,13.749,0
22.68,485.95,900,13.775,0
22.685,486.88,900,13.802,0
22.689,487.82,900,13.828,0
22.693,488.75,900,13.855,0
22.698,489.69,900,13.881,0
22.702,490.62,900,13.908,0
22.707,491.55,900,13.934,0
22.711,492.49,900,13.961,0
22.715,493.42,900,13.987,0
22.719,494.36,900,14.014,0
22.723,495.29,900,14.04,0
22.727,496.22,900,14.067,0
22.731,497.16,900,14.093,0
22.735,498.09,900,14.12,0
22.739,499.03,900,14.146,0
22.743,499.96,900,14.173,0
22.747,500.9,900,14.199,0
22.75,501.83,900,14.226,0
22.754,502.76,900,14.252,0
22.758,503.7,900,14.279,0
22.761,504.63,900,14.305,0
22.765,505.57,900,14.332,0
22.768,506.5,900,14.358,0
22.772,507.44,900,14.385,0
22.775,508.37,900,14.411,0
22.778,509.3,900,14.438,0
22.782,510.24,900,14.464,0
22.785,511.17,900,14.491,0
22.789,512.11,900,14.517,0
22.792,513.04,900,14.543,0
22.795,513.98,900,14.57,0
22.798,514.91,900,14.596,0
22.801,515.84,900,14.623,0
22.804,516.78,900,14.649,0
22.807,517.71,900,14.676,0
22.81,518.65,900,14.702,0
22.813,519.58,900,14.729,0
22.816,520.52,900,14.755,0
22.819,521.45,900,14.782,0
22.821,522.38,900,14.808,0
22.824,523.32,900,14.835,0
22.826,524.25,900,14.861,0
22.829,525.19,900,14.888,0
22.832,526.12,900,14.914,0
22.834,527.06,900,14.941,0
22.837,527.99,900,14.967,0
22.839,528.92,900,14.994,0
22.842,529.86,900,15.02,0
22.844,530.79,900,15.047,0
22.846,531.73,900,15.073,0
22.849,532.66,900,15.1,0
22.851,533.6,900,15.126,0
22.853,534.53,900,15.153,0
22.855,535.46,900,15.179,0
22.857,536.4,900,15.206,0
22.86,537.33,900,15.232,0
22.862,538.27,900,15.259,0
22.864,539.2,900,15.285,0
22.866,540.14,900,15.312,0
22.868,541.07,900,15.338,0
22.869,542,900,15.365,0
22.871,542.94,900,15.391,0
22.873,543.87,900,15.417,0
22.875,544.81,900,15.444,0
22.877,545.74,900,15.47,0
22.879,546.68,900,15.497,0
22.88,547.61,900,15.523,0
22.882,548.54,900,15.55,0
22.884,549.48,900,15.576,0
22.885,550.41,900,15.603,0
22.887,551.35,900,15.629,0
22.888,552.28,900,15.656,0
22.89,553.22,900,15.682,0
22.891,554.15,900,15.709,0
22.892,555.08,900,15.735,0
22.894,556.02,900,15.762,0
22.895,556.95,900,15.788,0
22.897,557.89,900,15.815,0
22.898,558.82,900,15.841,0
22.899,559.76,900,15.868,0
22.9,560.69,900,15.894,0
22.901,561.62,900,15.921,0
22.903,562.56,900,15.947,0
22.904,563.49,900,15.974,0
22.905,564.43,900,16,0
22.906,565.36,900,16.027,0
22.907,566.3,900,16.053,0
22.908,567.23,900,16.08,0
22.909,568.16,900,16.106,0
22.91,569.1,900,16.133,0
22.911,570.03,900,16.159,0
22.912,570.97,900,16.186,0
22.913,571.9,900,16.212,0
22.914,572.84,900,16.238,0
22.914,573.77,900,16.265,0
22.915,574.7,900,16.291,0
22.916,575.64,900,16.318,0
22.917,576.57,900,16.344,0
22.918,577.51,900,16.371,0
22.919,578.44,900,16.397,0
22.919,579.38,900,16.424,0
22.92,580.31,900,16.45,0
22.921,581.24,900,16.477,0
22.921,582.18,900,16.503,0
22.922,583.11,900,16.53,0
22.923,584.05,900,16.556,0
22.923,584.98,900,16.583,0
22.924,585.92,900,16.609,0
22.924,586.85,900,16.636,0
22.925,587.78,900,16.662,0
22.926,588.72,900,16.689,0
22.926,589.65,900,16.715,0
22.927,590.59,900,16.742,0
22.927,591.52,900,16.768,0
22.928,592.46,900,16.795,0
22.928,593.39,900,16.821,0
22.929,594.32,900,16.848,0
22.929,595.26,900,16.874,0
22.929,596.19,900,16.901,0
22.93,597.13,900,16.927,0
22.93,598.06,900,16.954,0
22.931,598.99,900,16.98,0
22.931,599.93,900,17.007,0
22.932,600.86,900,17.033,0
22.932,601.8,900,17.06,0
22.932,602.73,900,17.086,0
22.933,603.67,900,17.112,0
22.933,604.6,900,17.139,0
22.933,605.53,900,17.165,0
22.934,606.47,900,17.192,0
22.934,607.4,900,17.218,0
22.934,608.34,900,17.245,0
22.935,609.27,900,17.271,0
22.935,610.21,900,17.298,0
22.935,611.14,900,17.324,0
22.935,612.07,900,17.351,0
22.935,613.01,900,17.377,0
22.936,613.94,900,17.404,0
22.936,614.88,900,17.43,0
22.936,615.81,900,17.457,0
22.936,616.75,900,17.483,0
22.936,617.68,900,17.51,0
22.937,618.61,900,17.536,0
22.937,619.55,900,17.563,0
22.937,620.48,900,17.589,0
22.937,621.42,900,17.616,0
22.937,622.35,900,17.642,0
22.937,623.29,900,17.669,0
22.937,624.22,900,17.695,0
22.938,625.15,900,17.722,0
22.938,626.09,900,17.748,0
22.938,627.02,900,17.775,0
22.938,627.96,900,17.801,0
22.938,628.89,900,17.828,0
22.938,629.83,900,17.854,0
22.938,630.76,900,17.881,0
22.938,631.69,900,17.907,0
22.938,632.63,900,17.933,0
22.938,633.56,900,17.96,0
22.938,634.5,900,17.986,0
22.938,635.43,900,18.013,0
22.938,636.37,900,18.039,0
22.938,637.3,900,18.066,0
22.938,638.23,900,18.092,0
22.938,639.17,900,18.119,0
22.938,640.1,900,18.145,0
22.938,641.04,900,18.172,0
22.938,641.97,900,18.198,0
22.938,642.91,900,18.225,0
22.938,643.84,900,18.251,0
22.938,644.77,900,18.278,0
22.938,645.71,900,18.304,0
22.938,646.64,900,18.331,0
22.938,647.58,900,18.357,0
22.938,648.51,900,18.384,0
22.938,649.45,900,18.41,0
22.938,650.38,900,18.437,0
22.938,651.31,900,18.463,0
22.938,652.25,900,18.49,0
22.938,653.18,900,18.516,0
22.938,654.12,900,18.543,0
22.938,655.05,900,18.569,0
22.937,655.99,900,18.596,0
22.937,656.92,900,18.622,0
22.937,657.85,900,18.649,0
22.937,658.79,900,18.675,0
22.937,659.72,900,18.702,0
22.937,660.66,900,18.728,0
22.937,661.59,900,18.755,0
22.937,662.53,900,18.781,0
22.937,663.46,900,18.807,0
22.937,664.39,900,18.834,0
22.936,665.33,900,18.86,0
22.936,666.26,900,18.887,0
22.936,667.2,900,18.913,0
22.936,668.13,900,18.94,0
22.936,669.07,900,18.966,0
22.936,670,900,18.993,0
22.936,670.93,900,19.019,0
22.935,671.87,900,19.046,0
22.935,672.8,900,19.072,0
22.935,673.74,900,19.099,0
22.935,674.67,900,19.125,0
22.935,675.61,900,19.152,0
22.935,676.54,900,19.178,0
22.935,677.47,900,19.205,0
22.935,678.41,900,19.231,0
22.934,679.34,900,19.258,0
22.934,680.28,900,19.284,0
22.934,681.21,900,19.311,0
22.934,682.15,900,19.337,0
22.934,683.08,900,19.364,0
22.934,684.01,900,19.39,0
22.934,684.95,900,19.417,0
22.933,685.88,900,19.443,0
22.933,686.82,900,19.47,0
22.933,687.75,900,19.496,0
22.933,688.69,900,19.523,0
22.933,689.62,900,19.549,0
22.933,690.55,900,19.576,0
22.932,691.49,900,19.602,0
22.932,692.42,900,19.628,0
22.932,693.36,900,19.655,0
22.932,694.29,900,19.681,0
22.932,695.23,900,19.708,0
22.932,696.16,900,19.734,0
22.932,697.09,900,19.761,0
22.931,698.03,900,19.787,0
22.931,698.96,900,19.814,0
22.931,699.9,900,19.84,0
22.931,700.83,900,19.867,0
22.931,701.76,900,19.893,0
22.931,702.7,900,19.92,0
22.93,703.63,900,19.946,0
22.93,704.57,900,19.973,0
22.93,705.5,900,19.999,0
22.93,706.44,900,20.026,0
22.93,707.37,900,20.052,0
22.93,708.3,900,20.079,0
22.93,709.24,900,20.105,0
22.929,710.17,900,20.132,0
22.929,711.11,900,20.158,0
22.929,712.04,900,20.185,0
22.929,712.98,900,20.211,0
22.929,713.91,900,20.238,0
22.929,714.84,900,20.264,0
22.928,715.78,900,20.291,0
22.928,716.71,900,20.317,0
22.928,717.65,900,20.344,0
22.928,718.58,900,20.37,0
22.928,719.52,900,20.397,0
22.928,720.45,900,20.423,0
22.927,721.38,900,20.45,0
22.927,722.32,900,20.476,0
22.927,723.25,900,20.502,0
22.927,724.19,900,20.529,0
22.927,725.12,900,20.555,0
22.926,726.06,900,20.582,0
22.926,726.99,900,20.608,0
22.926,727.92,900,20.635,0
22.926,728.86,900,20.661,0
22.926,729.79,900,20.688,0
22.926,730.73,900,20.714,0
22.925,731.66,900,20.741,0
22.925,732.6,900,20.767,0
22.925,733.53,900,20.794,0
22.925,734.46,900,20.82,0
22.925,735.4,900,20.847,0
22.924,736.33,900,20.873,0
22.924,737.27,900,20.9,0
22.924,738.2,900,20.926,0
22.924,739.14,900,20.953,0
22.924,740.07,900,20.979,0
22.924,741,900,21.006,0
22.923,741.94,900,21.032,0
22.923,742.87,900,21.059,0
22.923,743.81,900,21.085,0
22.923,744.74,900,21.112,0
22.923,745.68,900,21.138,0
22.922,746.61,900,21.165,0
22.922,747.54,900,21.191,0
22.922,748.48,900,21.218,0
22.922,749.41,900,21.244,0
22.922,750.35,900,21.271,0
22.921,751.28,900,21.297,0
22.921,752.22,900,21.323,0
22.921,753.15,900,21.35,0
22.921,754.08,900,21.376,0
22.921,755.02,900,21.403,0
22.92,755.95,900,21.429,0
22.92,756.89,900,21.456,0
22.92,757.82,900,21.482,0
22.92,758.76,900,21.509,0
22.92,759.69,900,21.535,0
22.919,760.62,900,21.562,0
22.919,761.56,900,21.588,0
22.919,762.49,900,21.615,0
22.919,763.43,900,21.641,0
22.919,764.36,900,21.668,0
22.918,765.3,900,21.694,0
22.918,766.23,900,21.721,0
22.918,767.16,900,21.747,0
22.918,768.1,900,21.774,0
22.917,769.03,900,21.8,0
22.917,769.97,900,21.827,0
22.917,770.9,900,21.853,0
22.917,771.84,900,21.88,0
22.917,772.77,900,21.906,0
22.916,773.7,900,21.933,0
22.916,774.64,900,21.959,0
22.916,775.57,900,21.986,0
22.916,776.51,900,22.012,0
22.915,777.44,900,22.039,0
22.915,778.38,900,22.065,0
22.915,779.31,900,22.092,0
22.915,780.24,900,22.118,0
22.915,781.18,900,22.145,0
22.914,782.11,900,22.171,0
22.914,783.05,900,22.197,0
22.914,783.98,900,22.224,0
22.914,784.92,900,22.25,0
22.913,785.85,900,22.277,0
22.913,786.78,900,22.303,0
22.913,787.72,900,22.33,0
22.913,788.65,900,22.356,0
22.912,789.59,900,22.383,0
22.912,790.52,900,22.409,0
22.912,791.46,900,22.436,0
22.912,792.39,900,22.462,0
22.911,793.32,900,22.489,0
22.911,794.26,900,22.515,0
22.911,795.19,900,22.542,0
22.911,796.13,900,22.568,0
22.91,797.06,900,22.595,0
22.91,798,900,22.621,0
22.91,798.93,900,22.648,0
22.91,799.86,900,22.674,0
22.909,800.8,900,22.701,0
22.909,801.73,900,22.727,0
22.909,802.67,900,22.754,0
22.909,803.6,900,22.78,0
22.908,804.53,900,22.807,0
22.908,805.47,900,22.833,0
22.908,806.4,900,22.86,0
22.907,807.34,900,22.886,0
22.907,808.27,900,22.913,0
22.907,809.21,900,22.939,0
22.907,810.14,900,22.966,0
22.906,811.07,900,22.992,0
22.906,812.01,900,23.018,0
22.906,812.94,900,23.045,0
22.906,813.88,900,23.071,0
22.905,814.81,900,23.098,0
22.905,815.75,900,23.124,0
22.905,816.68,900,23.151,0
22.905,817.61,900,23.177,0
22.904,818.55,900,23.204,0
22.904,819.48,900,23.23,0
22.904,820.42,900,23.257,0
22.903,821.35,900,23.283,0
22.903,822.29,900,23.31,0
22.903,823.22,900,23.336,0
22.903,824.15,900,23.363,0
22.902,825.09,900,23.389,0
22.902,826.02,900,23.416,0
22.902,826.96,900,23.442,0
22.902,827.89,900,23.469,0
22.901,828.83,900,23.495,0
22.901,829.76,900,23.522,0
22.901,830.69,900,23.548,0
22.9,831.63,900,23.575,0
22.9,832.56,900,23.601,0
22.9,833.5,900,23.628,0
22.9,834.43,900,23.654,0
22.899,835.37,900,23.681,0
22.899,836.3,900,23.707,0
22.899,837.23,900,23.734,0
22.898,838.17,900,23.76,0
22.898,839.1,900,23.787,0
22.898,840.04,900,23.813,0
22.898,840.97,900,23.84,0
22.897,841.91,900,23.866,0
22.897,842.84,900,23.892,0
22.897,843.77,900,23.919,0
22.896,844.71,900,23.945,0
22.896,845.64,900,23.972,0
22.896,846.58,900,23.998,0
22.896,847.51,900,24.025,0
22.895,848.45,900,24.051,0
22.895,849.38,900,24.078,0
22.895,850.31,900,24.104,0
22.894,851.25,900,24.131,0
22.894,852.18,900,24.157,0
22.894,853.12,900,24.184,0
22.894,854.05,900,24.21,0
22.893,854.99,900,24.237,0
22.893,855.92,900,24.263,0
22.893,856.85,900,24.29,0
22.892,857.79,900,24.316,0
22.892,858.72,900,24.343,0
22.892,859.66,900,24.369,0
22.892,860.59,900,24.396,0
22.891,861.53,900,24.422,0
22.891,862.46,900,24.449,0
22.891,863.39,900,24.475,0
22.89,864.33,900,24.502,0
22.89,865.26,900,24.528,0
22.89,866.2,900,24.555,0
22.889,867.13,900,24.581,0
22.889,868.07,900,24.608,0
22.889,869,900,24.634,0
22.888,869.93,900,24.661,0
22.888,870.87,900,24.687,0
22.888,871.8,900,24.713,0
22.888,872.74,900,24.74,0
22.887,873.67,900,24.766,0
22.887,874.61,900,24.793,0
22.887,875.54,900,24.819,0
22.886,876.47,900,24.846,0
22.886,877.41,900,24.872,0
22.886,878.34,900,24.899,0
22.885,879.28,900,24.925,0
22.885,880.21,900,24.952,0
22.885,881.15,900,24.978,0
22.884,882.08,900,25.005,0
22.884,883.01,900,25.031,0
22.884,883.95,900,25.058,0
22.883,884.88,900,25.084,0
22.883,885.82,900,25.111,0
22.883,886.75,900,25.137,0
22.883,887.69,900,25.164,0
22.882,888.62,900,25.19,0
22.882,889.55,900,25.217,0
22.882,890.49,900,25.243,0
22.881,891.42,900,25.27,0
22.881,892.36,900,25.296,0
22.881,893.29,900,25.323,0
22.88,894.23,900,25.349,0
22.88,895.16,900,25.376,0
22.88,896.09,900,25.402,0
22.879,897.03,900,25.429,0
22.879,897.96,900,25.455,0
22.879,898.9,900,25.482,0
22.878,899.83,900,25.508,0
22.878,900.76,900,25.535,0
22.878,901.7,900,25.561,0
22.877,902.63,900,25.587,0
22.877,903.57,900,25.614,0
22.877,904.5,900,25.64,0
22.876,905.44,900,25.667,0
22.876,906.37,900,25.693,0
22.876,907.3,900,25.72,0
22.876,908.24,900,25.746,0
22.875,909.17,900,25.773,0
22.875,910.11,900,25.799,0
22.875,911.04,900,25.826,0
22.874,911.98,900,25.852,0
22.874,912.91,900,25.879,0
22.874,913.84,900,25.905,0
22.873,914.78,900,25.932,0
22.873,915.71,900,25.958,0
22.873,916.65,900,25.985,0
22.872,917.58,900,26.011,0
22.872,918.52,900,26.038,0
22.872,919.45,900,26.064,0
22.871,920.38,900,26.091,0
22.871,921.32,900,26.117,0
22.871,922.25,900,26.144,0
22.87,923.19,900,26.17,0
22.87,924.12,900,26.197,0
22.87,925.06,900,26.223,0
22.869,925.99,900,26.25,0
22.869,926.92,900,26.276,0
22.869,927.86,900,26.303,0
22.868,928.79,900,26.329,0
22.868,929.73,900,26.356,0
22.868,930.66,900,26.382,0
22.867,931.6,900,26.408,0
22.867,932.53,900,26.435,0
22.867,933.46,900,26.461,0
nan,nan,900,26.488,0
