"shear_lam","shear_tot","shear_turb","y_plus","Points:0","Points:1","Points:2"
0.0019444,0.0019444,9.2459e-09,0.12625,900,0.0035789,0
0.0019415,0.0019446,3.0909e-06,1.0605,900,0.030063,0
0.001925,0.0019447,1.9756e-05,1.9948,900,0.056548,0
0.0018848,0.0019449,6.015e-05,2.9291,900,0.083032,0
0.0018165,0.0019452,0.00012871,3.8633,900,0.10952,0
0.0017227,0.0019455,0.00022282,4.7976,900,0.136,0
0.0016104,0.0019459,0.00033545,5.7319,900,0.16249,0
0.0014872,0.0019461,0.0004589,6.6662,900,0.18897,0
0.0013607,0.0019461,0.00058549,7.6004,900,0.21545,0
0.0012367,0.001946,0.00070934,8.5347,900,0.24194,0
0.0011193,0.0019458,0.0008265,9.469,900,0.26842,0
0.0010106,0.0019454,0.00093475,10.403,900,0.29491,0
0.00091183,0.0019449,0.0010331,11.338,900,0.32139,0
0.00082301,0.0019443,0.0011213,12.272,900,0.34788,0
0.00074389,0.0019437,0.0011998,13.206,900,0.37436,0
0.00067411,0.001943,0.0012689,14.14,900,0.40084,0
0.00061226,0.0019423,0.00133,15.075,900,0.42733,0
0.00055741,0.0019415,0.0013841,16.009,900,0.45381,0
0.00050952,0.0019407,0.0014312,16.943,900,0.4803,0
0.00046671,0.0019399,0.0014732,17.877,900,0.50678,0
0.00042927,0.001939,0.0015097,18.812,900,0.53327,0
0.00039566,0.001938,0.0015423,19.746,900,0.55975,0
0.00036613,0.0019369,0.0015707,20.68,900,0.58624,0
0.00033971,0.0019356,0.0015959,21.615,900,0.61272,0
0.00031602,0.0019343,0.0016183,22.549,900,0.6392,0
0.00029507,0.0019329,0.0016378,23.483,900,0.66569,0
0.00027627,0.0019314,0.0016551,24.417,900,0.69217,0
0.00025935,0.0019299,0.0016706,25.352,900,0.71866,0
0.00024406,0.0019284,0.0016843,26.286,900,0.74514,0
0.00023027,0.0019268,0.0016966,27.22,900,0.77163,0
0.00021797,0.0019253,0.0017074,28.154,900,0.79811,0
0.00020682,0.0019238,0.001717,29.089,900,0.82459,0
0.00019666,0.0019222,0.0017256,30.023,900,0.85108,0
0.00018739,0.0019206,0.0017333,30.957,900,0.87756,0
0.00017889,0.001919,0.0017401,31.892,900,0.90405,0
0.00017109,0.0019172,0.0017461,32.826,900,0.93053,0
0.0001639,0.0019154,0.0017515,33.76,900,0.95702,0
0.00015727,0.0019134,0.0017561,34.694,900,0.9835,0
0.00015115,0.0019113,0.0017602,35.629,900,1.01,0
0.00014547,0.0019091,0.0017637,36.563,900,1.0365,0
0.00014021,0.0019068,0.0017666,37.497,900,1.063,0
0.00013535,0.0019045,0.0017691,38.431,900,1.0894,0
0.00013089,0.001902,0.0017711,39.366,900,1.1159,0
0.00012673,0.0018995,0.0017728,40.3,900,1.1424,0
0.00012283,0.0018969,0.0017741,41.234,900,1.1689,0
0.00011918,0.0018943,0.0017751,42.169,900,1.1954,0
0.00011579,0.0018917,0.0017759,43.103,900,1.2219,0
0.00011263,0.0018891,0.0017765,44.037,900,1.2483,0
0.0001097,0.0018865,0.0017768,44.971,900,1.2748,0
0.00010697,0.0018839,0.0017769,45.906,900,1.3013,0
0.00010443,0.0018813,0.0017769,46.84,900,1.3278,0
0.00010206,0.0018788,0.0017767,47.774,900,1.3543,0
9.9875e-05,0.0018763,0.0017764,48.708,900,1.3808,0
9.7874e-05,0.0018739,0.001776,49.643,900,1.4073,0
9.599e-05,0.0018715,0.0017755,50.577,900,1.4337,0
9.4203e-05,0.0018691,0.0017749,51.511,900,1.4602,0
9.2561e-05,0.0018668,0.0017742,52.446,900,1.4867,0
9.0986e-05,0.0018645,0.0017735,53.38,900,1.5132,0
8.9468e-05,0.0018622,0.0017727,54.314,900,1.5397,0
8.8028e-05,0.0018599,0.0017719,55.248,900,1.5662,0
8.6645e-05,0.0018576,0.001771,56.183,900,1.5926,0
8.5305e-05,0.0018553,0.00177,57.117,900,1.6191,0
8.4045e-05,0.001853,0.001769,58.051,900,1.6456,0
8.2828e-05,0.0018507,0.0017679,58.985,900,1.6721,0
8.1645e-05,0.0018484,0.0017668,59.92,900,1.6986,0
8.0509e-05,0.0018461,0.0017656,60.854,900,1.7251,0
7.9395e-05,0.0018439,0.0017645,61.788,900,1.7515,0
7.8319e-05,0.0018417,0.0017633,62.723,900,1.778,0
7.7273e-05,0.0018396,0.0017623,63.657,900,1.8045,0
7.6241e-05,0.0018375,0.0017613,64.591,900,1.831,0
7.5255e-05,0.0018357,0.0017604,65.525,900,1.8575,0
7.4289e-05,0.001834,0.0017597,66.46,900,1.884,0
7.3371e-05,0.0018324,0.001759,67.394,900,1.9105,0
7.2482e-05,0.001831,0.0017585,68.328,900,1.9369,0
7.1619e-05,0.0018297,0.0017581,69.262,900,1.9634,0
7.0813e-05,0.0018286,0.0017578,70.197,900,1.9899,0
7.0027e-05,0.0018275,0.0017575,71.131,900,2.0164,0
6.931e-05,0.0018266,0.0017573,72.065,900,2.0429,0
6.8604e-05,0.0018257,0.0017571,73,900,2.0694,0
6.7968e-05,0.0018248,0.0017568,73.934,900,2.0958,0
6.7344e-05,0.001824,0.0017566,74.868,900,2.1223,0
6.6788e-05,0.0018231,0.0017563,75.802,900,2.1488,0
6.6239e-05,0.0018222,0.001756,76.737,900,2.1753,0
6.5715e-05,0.0018213,0.0017556,77.671,900,2.2018,0
6.5198e-05,0.0018204,0.0017552,78.605,900,2.2283,0
6.4704e-05,0.0018194,0.0017547,79.539,900,2.2548,0
6.4214e-05,0.0018185,0.0017542,80.474,900,2.2812,0
6.374e-05,0.0018174,0.0017537,81.408,900,2.3077,0
6.3269e-05,0.0018164,0.0017531,82.342,900,2.3342,0
6.2819e-05,0.0018152,0.0017524,83.277,900,2.3607,0
6.2371e-05,0.0018141,0.0017517,84.211,900,2.3872,0
6.1956e-05,0.0018128,0.0017509,85.145,900,2.4137,0
6.1541e-05,0.0018116,0.0017501,86.079,900,2.4401,0
6.1154e-05,0.0018103,0.0017491,87.014,900,2.4666,0
6.077e-05,0.0018089,0.0017481,87.948,900,2.4931,0
6.0405e-05,0.0018074,0.001747,88.882,900,2.5196,0
6.0048e-05,0.0018059,0.0017459,89.816,900,2.5461,0
5.9709e-05,0.0018043,0.0017446,90.751,900,2.5726,0
5.9392e-05,0.0018027,0.0017433,91.685,900,2.599,0
5.9081e-05,0.001801,0.0017419,92.619,900,2.6255,0
5.8803e-05,0.0017992,0.0017404,93.554,900,2.652,0
5.8524e-05,0.0017974,0.0017389,94.488,900,2.6785,0
5.8257e-05,0.0017955,0.0017372,95.422,900,2.705,0
5.7993e-05,0.0017936,0.0017356,96.356,900,2.7315,0
5.7729e-05,0.0017916,0.0017339,97.291,900,2.758,0
5.7466e-05,0.0017896,0.0017321,98.225,900,2.7844,0
5.7201e-05,0.0017876,0.0017304,99.159,900,2.8109,0
5.6918e-05,0.0017856,0.0017287,100.09,900,2.8374,0
5.6634e-05,0.0017835,0.0017269,101.03,900,2.8639,0
5.6341e-05,0.0017815,0.0017252,101.96,900,2.8904,0
5.6042e-05,0.0017795,0.0017234,102.9,900,2.9169,0
5.5743e-05,0.0017775,0.0017217,103.83,900,2.9433,0
5.5449e-05,0.0017754,0.00172,104.76,900,2.9698,0
5.5154e-05,0.0017734,0.0017182,105.7,900,2.9963,0
5.4862e-05,0.0017713,0.0017164,106.63,900,3.0228,0
5.4571e-05,0.0017692,0.0017146,107.57,900,3.0493,0
5.428e-05,0.0017671,0.0017128,108.5,900,3.0758,0
5.4003e-05,0.0017648,0.0017108,109.44,900,3.1023,0
5.3728e-05,0.0017625,0.0017088,110.37,900,3.1287,0
5.3463e-05,0.0017601,0.0017067,111.3,900,3.1552,0
5.3236e-05,0.0017576,0.0017044,112.24,900,3.1817,0
5.301e-05,0.0017551,0.0017021,113.17,900,3.2082,0
5.2797e-05,0.0017524,0.0016996,114.11,900,3.2347,0
5.2598e-05,0.0017496,0.001697,115.04,900,3.2612,0
5.24e-05,0.0017468,0.0016944,115.98,900,3.2876,0
5.2203e-05,0.0017439,0.0016917,116.91,900,3.3141,0
5.2006e-05,0.0017409,0.0016889,117.84,900,3.3406,0
5.1809e-05,0.0017379,0.0016861,118.78,900,3.3671,0
5.1611e-05,0.0017348,0.0016832,119.71,900,3.3936,0
5.1413e-05,0.0017317,0.0016802,120.65,900,3.4201,0
5.1216e-05,0.0017285,0.0016773,121.58,900,3.4465,0
5.1013e-05,0.0017253,0.0016743,122.52,900,3.473,0
5.0811e-05,0.0017221,0.0016713,123.45,900,3.4995,0
5.0609e-05,0.0017189,0.0016683,124.38,900,3.526,0
5.0414e-05,0.0017157,0.0016653,125.32,900,3.5525,0
5.0219e-05,0.0017125,0.0016622,126.25,900,3.579,0
5.0025e-05,0.0017092,0.0016592,127.19,900,3.6055,0
4.9848e-05,0.001706,0.0016561,128.12,900,3.6319,0
4.9672e-05,0.0017027,0.001653,129.06,900,3.6584,0
4.9495e-05,0.0016994,0.0016499,129.99,900,3.6849,0
4.9321e-05,0.0016961,0.0016468,130.92,900,3.7114,0
4.9147e-05,0.0016928,0.0016437,131.86,900,3.7379,0
4.8972e-05,0.0016895,0.0016405,132.79,900,3.7644,0
4.88e-05,0.0016862,0.0016374,133.73,900,3.7908,0
4.8629e-05,0.0016829,0.0016343,134.66,900,3.8173,0
4.8457e-05,0.0016796,0.0016312,135.6,900,3.8438,0
4.8287e-05,0.0016763,0.0016281,136.53,900,3.8703,0
4.8117e-05,0.0016731,0.001625,137.46,900,3.8968,0
4.7947e-05,0.0016698,0.0016219,138.4,900,3.9233,0
4.7776e-05,0.0016666,0.0016188,139.33,900,3.9498,0
4.7603e-05,0.0016634,0.0016158,140.27,900,3.9762,0
4.743e-05,0.0016601,0.0016127,141.2,900,4.0027,0
4.7258e-05,0.0016569,0.0016097,142.14,900,4.0292,0
4.7098e-05,0.0016537,0.0016066,143.07,900,4.0557,0
4.6938e-05,0.0016505,0.0016036,144,900,4.0822,0
4.6778e-05,0.0016474,0.0016006,144.94,900,4.1087,0
4.6636e-05,0.0016442,0.0015975,145.87,900,4.1351,0
4.6501e-05,0.0016409,0.0015944,146.81,900,4.1616,0
4.6366e-05,0.0016377,0.0015914,147.74,900,4.1881,0
4.6235e-05,0.0016345,0.0015883,148.68,900,4.2146,0
4.6114e-05,0.0016313,0.0015852,149.61,900,4.2411,0
4.5993e-05,0.001628,0.001582,150.54,900,4.2676,0
4.5872e-05,0.0016248,0.0015789,151.48,900,4.294,0
4.5746e-05,0.0016215,0.0015758,152.41,900,4.3205,0
4.5619e-05,0.0016183,0.0015727,153.35,900,4.347,0
4.5493e-05,0.001615,0.0015695,154.28,900,4.3735,0
4.5363e-05,0.0016118,0.0015664,155.22,900,4.4,0
4.5223e-05,0.0016085,0.0015633,156.15,900,4.4265,0
4.5084e-05,0.0016052,0.0015602,157.08,900,4.453,0
4.4945e-05,0.001602,0.001557,158.02,900,4.4794,0
4.481e-05,0.0015987,0.0015539,158.95,900,4.5059,0
4.4678e-05,0.0015954,0.0015507,159.89,900,4.5324,0
4.4546e-05,0.0015921,0.0015476,160.82,900,4.5589,0
4.4415e-05,0.0015888,0.0015444,161.76,900,4.5854,0
4.4305e-05,0.0015855,0.0015412,162.69,900,4.6119,0
4.4197e-05,0.0015823,0.0015381,163.62,900,4.6383,0
4.4089e-05,0.001579,0.0015349,164.56,900,4.6648,0
4.3984e-05,0.0015757,0.0015317,165.49,900,4.6913,0
4.3895e-05,0.0015724,0.0015285,166.43,900,4.7178,0
4.3805e-05,0.0015692,0.0015254,167.36,900,4.7443,0
4.3716e-05,0.0015659,0.0015222,168.3,900,4.7708,0
4.3625e-05,0.0015627,0.0015191,169.23,900,4.7973,0
4.3529e-05,0.0015595,0.001516,170.16,900,4.8237,0
4.3433e-05,0.0015564,0.0015129,171.1,900,4.8502,0
4.3338e-05,0.0015532,0.0015098,172.03,900,4.8767,0
4.3237e-05,0.00155,0.0015068,172.97,900,4.9032,0
4.3129e-05,0.0015468,0.0015037,173.9,900,4.9297,0
4.302e-05,0.0015437,0.0015006,174.84,900,4.9562,0
4.2911e-05,0.0015405,0.0014976,175.77,900,4.9826,0
4.28e-05,0.0015373,0.0014945,176.7,900,5.0091,0
4.2686e-05,0.0015342,0.0014915,177.64,900,5.0356,0
4.2572e-05,0.001531,0.0014884,178.57,900,5.0621,0
4.2458e-05,0.0015278,0.0014853,179.51,900,5.0886,0
4.2345e-05,0.0015246,0.0014823,180.44,900,5.1151,0
4.2236e-05,0.0015215,0.0014793,181.38,900,5.1415,0
4.2126e-05,0.0015184,0.0014762,182.31,900,5.168,0
4.2017e-05,0.0015152,0.0014732,183.24,900,5.1945,0
4.1908e-05,0.0015121,0.0014702,184.18,900,5.221,0
4.1802e-05,0.001509,0.0014672,185.11,900,5.2475,0
4.1697e-05,0.0015059,0.0014642,186.05,900,5.274,0
4.1591e-05,0.0015029,0.0014613,186.98,900,5.3005,0
4.1485e-05,0.0014998,0.0014583,187.92,900,5.3269,0
4.137e-05,0.0014968,0.0014554,188.85,900,5.3534,0
4.1255e-05,0.0014937,0.0014525,189.78,900,5.3799,0
4.114e-05,0.0014907,0.0014496,190.72,900,5.4064,0
4.1025e-05,0.0014877,0.0014467,191.65,900,5.4329,0
4.0918e-05,0.0014847,0.0014438,192.59,900,5.4594,0
4.0815e-05,0.0014817,0.0014409,193.52,900,5.4858,0
4.0712e-05,0.0014787,0.0014379,194.45,900,5.5123,0
4.061e-05,0.0014756,0.001435,195.39,900,5.5388,0
4.0515e-05,0.0014726,0.0014321,196.32,900,5.5653,0
4.0441e-05,0.0014695,0.001429,197.26,900,5.5918,0
4.0368e-05,0.0014663,0.001426,198.19,900,5.6183,0
4.0295e-05,0.0014632,0.0014229,199.13,900,5.6448,0
4.0222e-05,0.0014601,0.0014198,200.06,900,5.6712,0
4.0162e-05,0.0014567,0.0014165,200.99,900,5.6977,0
4.0106e-05,0.0014533,0.0014132,201.93,900,5.7242,0
4.0049e-05,0.0014498,0.0014098,202.86,900,5.7507,0
3.9993e-05,0.0014464,0.0014064,203.8,900,5.7772,0
3.9939e-05,0.0014429,0.001403,204.73,900,5.8037,0
3.9892e-05,0.0014391,0.0013992,205.67,900,5.8301,0
3.9845e-05,0.0014353,0.0013954,206.6,900,5.8566,0
3.9797e-05,0.0014315,0.0013917,207.53,900,5.8831,0
3.975e-05,0.0014277,0.0013879,208.47,900,5.9096,0
3.9708e-05,0.0014237,0.001384,209.4,900,5.9361,0
3.9667e-05,0.0014196,0.0013799,210.34,900,5.9626,0
3.9627e-05,0.0014155,0.0013759,211.27,900,5.989,0
3.9587e-05,0.0014114,0.0013718,212.21,900,6.0155,0
3.9547e-05,0.0014073,0.0013678,213.14,900,6.042,0
3.9503e-05,0.0014031,0.0013636,214.07,900,6.0685,0
3.9459e-05,0.001399,0.0013595,215.01,900,6.095,0
3.9416e-05,0.0013948,0.0013553,215.94,900,6.1215,0
3.9372e-05,0.0013906,0.0013512,216.88,900,6.148,0
3.9326e-05,0.0013864,0.001347,217.81,900,6.1744,0
3.9268e-05,0.0013821,0.0013429,218.75,900,6.2009,0
3.921e-05,0.0013779,0.0013387,219.68,900,6.2274,0
3.9152e-05,0.0013737,0.0013345,220.61,900,6.2539,0
3.9093e-05,0.0013694,0.0013303,221.55,900,6.2804,0
3.9031e-05,0.0013652,0.0013261,222.48,900,6.3069,0
3.8957e-05,0.0013608,0.0013219,223.42,900,6.3333,0
3.8883e-05,0.0013565,0.0013176,224.35,900,6.3598,0
3.8809e-05,0.0013522,0.0013134,225.29,900,6.3863,0
3.8736e-05,0.0013479,0.0013092,226.22,900,6.4128,0
3.8657e-05,0.0013436,0.0013049,227.15,900,6.4393,0
3.8564e-05,0.0013393,0.0013007,228.09,900,6.4658,0
3.8472e-05,0.0013349,0.0012965,229.02,900,6.4922,0
3.8379e-05,0.0013306,0.0012922,229.96,900,6.5187,0
3.8287e-05,0.0013263,0.001288,230.89,900,6.5452,0
3.8191e-05,0.001322,0.0012838,231.83,900,6.5717,0
3.808e-05,0.0013177,0.0012796,232.76,900,6.5982,0
3.797e-05,0.0013135,0.0012755,233.69,900,6.6247,0
3.7859e-05,0.0013092,0.0012714,234.63,900,6.6512,0
3.7749e-05,0.001305,0.0012672,235.56,900,6.6776,0
3.7639e-05,0.0013007,0.0012631,236.5,900,6.7041,0
3.7531e-05,0.0012965,0.001259,237.43,900,6.7306,0
3.7423e-05,0.0012923,0.0012549,238.37,900,6.7571,0
3.7316e-05,0.0012881,0.0012507,239.3,900,6.7836,0
3.7208e-05,0.0012838,0.0012466,240.23,900,6.8101,0
3.7101e-05,0.0012796,0.0012425,241.17,900,6.8365,0
3.7013e-05,0.0012754,0.0012384,242.1,900,6.863,0
3.6931e-05,0.0012712,0.0012343,243.04,900,6.8895,0
3.6848e-05,0.001267,0.0012301,243.97,900,6.916,0
3.6766e-05,0.0012628,0.001226,244.91,900,6.9425,0
3.6683e-05,0.0012586,0.0012219,245.84,900,6.969,0
3.661e-05,0.0012543,0.0012177,246.77,900,6.9955,0
3.6547e-05,0.0012501,0.0012135,247.71,900,7.0219,0
3.6485e-05,0.0012458,0.0012093,248.64,900,7.0484,0
3.6423e-05,0.0012416,0.0012052,249.58,900,7.0749,0
3.636e-05,0.0012373,0.001201,250.51,900,7.1014,0
3.6298e-05,0.0012331,0.0011968,251.45,900,7.1279,0
3.624e-05,0.0012288,0.0011925,252.38,900,7.1544,0
3.6182e-05,0.0012245,0.0011883,253.31,900,7.1808,0
3.6124e-05,0.0012201,0.001184,254.25,900,7.2073,0
3.6066e-05,0.0012158,0.0011798,255.18,900,7.2338,0
3.6008e-05,0.0012115,0.0011755,256.12,900,7.2603,0
3.5952e-05,0.0012072,0.0011712,257.05,900,7.2868,0
3.5897e-05,0.0012027,0.0011669,257.99,900,7.3133,0
3.5842e-05,0.0011983,0.0011625,258.92,900,7.3397,0
3.5788e-05,0.0011939,0.0011581,259.85,900,7.3662,0
3.5733e-05,0.0011895,0.0011538,260.79,900,7.3927,0
3.5678e-05,0.0011851,0.0011494,261.72,900,7.4192,0
3.5627e-05,0.0011806,0.0011449,262.66,900,7.4457,0
3.5575e-05,0.001176,0.0011404,263.59,900,7.4722,0
3.5524e-05,0.0011714,0.0011358,264.53,900,7.4987,0
3.5473e-05,0.0011668,0.0011313,265.46,900,7.5251,0
3.5422e-05,0.0011622,0.0011268,266.39,900,7.5516,0
3.537e-05,0.0011576,0.0011222,267.33,900,7.5781,0
3.5315e-05,0.0011528,0.0011175,268.26,900,7.6046,0
3.526e-05,0.001148,0.0011127,269.2,900,7.6311,0
3.5205e-05,0.0011432,0.001108,270.13,900,7.6576,0
3.515e-05,0.0011384,0.0011033,271.07,900,7.684,0
3.5095e-05,0.0011336,0.0010985,272,900,7.7105,0
3.5038e-05,0.0011288,0.0010937,272.93,900,7.737,0
3.4978e-05,0.0011238,0.0010888,273.87,900,7.7635,0
3.4919e-05,0.0011188,0.0010839,274.8,900,7.79,0
3.4859e-05,0.0011138,0.001079,275.74,900,7.8165,0
3.4799e-05,0.0011088,0.001074,276.67,900,7.843,0
3.4739e-05,0.0011039,0.0010691,277.61,900,7.8694,0
3.4675e-05,0.0010988,0.0010641,278.54,900,7.8959,0
3.4605e-05,0.0010936,0.001059,279.47,900,7.9224,0
3.4536e-05,0.0010884,0.0010538,280.41,900,7.9489,0
3.4466e-05,0.0010832,0.0010487,281.34,900,7.9754,0
3.4397e-05,0.0010779,0.0010435,282.28,900,8.0019,0
3.4327e-05,0.0010727,0.0010384,283.21,900,8.0283,0
3.4249e-05,0.0010675,0.0010332,284.15,900,8.0548,0
3.4159e-05,0.0010622,0.001028,285.08,900,8.0813,0
3.4068e-05,0.0010569,0.0010228,286.01,900,8.1078,0
3.3977e-05,0.0010515,0.0010176,286.95,900,8.1343,0
3.3886e-05,0.0010462,0.0010123,287.88,900,8.1608,0
3.3796e-05,0.0010409,0.0010071,288.82,900,8.1873,0
3.3698e-05,0.0010356,0.0010019,289.75,900,8.2137,0
3.3579e-05,0.0010304,0.00099679,290.69,900,8.2402,0
3.346e-05,0.0010251,0.00099167,291.62,900,8.2667,0
3.3341e-05,0.0010199,0.00098654,292.55,900,8.2932,0
3.3222e-05,0.0010146,0.00098142,293.49,900,8.3197,0
3.3103e-05,0.0010094,0.00097629,294.42,900,8.3462,0
3.2984e-05,0.0010042,0.00097117,295.36,900,8.3726,0
3.2837e-05,0.00099908,0.00096624,296.29,900,8.3991,0
3.2689e-05,0.000994,0.00096131,297.22,900,8.4256,0
3.2541e-05,0.00098893,0.00095639,298.16,900,8.4521,0
3.2394e-05,0.00098385,0.00095146,299.09,900,8.4786,0
3.2246e-05,0.00097878,0.00094653,300.03,900,8.5051,0
3.2099e-05,0.0009737,0.0009416,300.96,900,8.5315,0
3.1949e-05,0.00096874,0.00093679,301.9,900,8.558,0
3.1798e-05,0.00096383,0.00093203,302.83,900,8.5845,0
3.1647e-05,0.00095892,0.00092727,303.76,900,8.611,0
3.1496e-05,0.00095401,0.00092251,304.7,900,8.6375,0
3.1345e-05,0.0009491,0.00091775,305.63,900,8.664,0
3.1195e-05,0.00094419,0.00091299,306.57,900,8.6905,0
3.1049e-05,0.0009393,0.00090825,307.5,900,8.7169,0
3.0925e-05,0.00093447,0.00090355,308.44,900,8.7434,0
3.08e-05,0.00092965,0.00089885,309.37,900,8.7699,0
3.0676e-05,0.00092483,0.00089415,310.3,900,8.7964,0
3.0551e-05,0.00092,0.00088945,311.24,900,8.8229,0
3.0427e-05,0.00091518,0.00088475,312.17,900,8.8494,0
3.0302e-05,0.00091036,0.00088006,313.11,900,8.8758,0
3.0192e-05,0.00090561,0.00087541,314.04,900,8.9023,0
3.009e-05,0.00090089,0.0008708,314.98,900,8.9288,0
2.9988e-05,0.00089617,0.00086618,315.91,900,8.9553,0
2.9885e-05,0.00089145,0.00086156,316.84,900,8.9818,0
2.9783e-05,0.00088673,0.00085695,317.78,900,9.0083,0
2.968e-05,0.00088201,0.00085233,318.71,900,9.0347,0
2.9578e-05,0.00087729,0.00084772,319.65,900,9.0612,0
2.9494e-05,0.00087264,0.00084315,320.58,900,9.0877,0
2.9409e-05,0.00086799,0.00083858,321.52,900,9.1142,0
2.9325e-05,0.00086333,0.00083401,322.45,900,9.1407,0
2.9241e-05,0.00085868,0.00082944,323.38,900,9.1672,0
2.9157e-05,0.00085403,0.00082487,324.32,900,9.1937,0
2.9073e-05,0.00084938,0.0008203,325.25,900,9.2201,0
2.8992e-05,0.0008447,0.00081571,326.19,900,9.2466,0
2.8926e-05,0.00083997,0.00081104,327.12,900,9.2731,0
2.8859e-05,0.00083524,0.00080638,328.06,900,9.2996,0
2.8793e-05,0.0008305,0.00080171,328.99,900,9.3261,0
2.8726e-05,0.00082577,0.00079704,329.92,900,9.3526,0
2.866e-05,0.00082103,0.00079237,330.86,900,9.379,0
2.8593e-05,0.0008163,0.0007877,331.79,900,9.4055,0
2.8525e-05,0.00081155,0.00078302,332.73,900,9.432,0
2.8456e-05,0.00080677,0.00077831,333.66,900,9.4585,0
2.8387e-05,0.00080199,0.0007736,334.6,900,9.485,0
2.8317e-05,0.00079721,0.00076889,335.53,900,9.5115,0
2.8248e-05,0.00079243,0.00076418,336.46,900,9.538,0
2.8178e-05,0.00078765,0.00075947,337.4,900,9.5644,0
2.8109e-05,0.00078287,0.00075476,338.33,900,9.5909,0
2.8036e-05,0.00077809,0.00075006,339.27,900,9.6174,0
2.7956e-05,0.00077332,0.00074537,340.2,900,9.6439,0
2.7877e-05,0.00076856,0.00074068,341.14,900,9.6704,0
2.7797e-05,0.00076379,0.00073599,342.07,900,9.6969,0
2.7718e-05,0.00075903,0.00073131,343,900,9.7233,0
2.7638e-05,0.00075426,0.00072662,343.94,900,9.7498,0
2.7559e-05,0.00074949,0.00072193,344.87,900,9.7763,0
2.7479e-05,0.00074472,0.00071724,345.81,900,9.8028,0
2.7395e-05,0.00073994,0.00071254,346.74,900,9.8293,0
2.7312e-05,0.00073515,0.00070784,347.68,900,9.8558,0
2.7229e-05,0.00073037,0.00070314,348.61,900,9.8822,0
2.7145e-05,0.00072558,0.00069844,349.54,900,9.9087,0
2.7062e-05,0.0007208,0.00069373,350.48,900,9.9352,0
2.6979e-05,0.00071601,0.00068903,351.41,900,9.9617,0
2.6895e-05,0.00071123,0.00068433,352.35,900,9.9882,0
2.6809e-05,0.00070648,0.00067967,353.28,900,10.015,0
2.6723e-05,0.00070174,0.00067502,354.22,900,10.041,0
2.6637e-05,0.000697,0.00067036,355.15,900,10.068,0
2.655e-05,0.00069225,0.0006657,356.08,900,10.094,0
2.6464e-05,0.00068751,0.00066105,357.02,900,10.121,0
2.6378e-05,0.00068277,0.00065639,357.95,900,10.147,0
2.6292e-05,0.00067802,0.00065173,358.89,900,10.174,0
2.6199e-05,0.00067331,0.00064711,359.82,900,10.2,0
2.6104e-05,0.00066862,0.00064251,360.76,900,10.227,0
2.6009e-05,0.00066392,0.00063791,361.69,900,10.253,0
2.5914e-05,0.00065922,0.00063331,362.62,900,10.28,0
2.5818e-05,0.00065453,0.00062871,363.56,900,10.306,0
2.5723e-05,0.00064983,0.00062411,364.49,900,10.332,0
2.5628e-05,0.00064514,0.00061951,365.43,900,10.359,0
2.553e-05,0.00064045,0.00061492,366.36,900,10.385,0
2.5424e-05,0.00063581,0.00061039,367.3,900,10.412,0
2.5317e-05,0.00063117,0.00060586,368.23,900,10.438,0
2.521e-05,0.00062654,0.00060133,369.16,900,10.465,0
2.5103e-05,0.0006219,0.00059679,370.1,900,10.491,0
2.4997e-05,0.00061726,0.00059226,371.03,900,10.518,0
2.489e-05,0.00061262,0.00058773,371.97,900,10.544,0
2.4783e-05,0.00060798,0.0005832,372.9,900,10.571,0
2.4673e-05,0.00060336,0.00057869,373.84,900,10.597,0
2.4561e-05,0.00059876,0.0005742,374.77,900,10.624,0
2.4449e-05,0.00059415,0.0005697,375.7,900,10.65,0
2.4338e-05,0.00058955,0.00056521,376.64,900,10.677,0
2.4226e-05,0.00058494,0.00056071,377.57,900,10.703,0
2.4114e-05,0.00058033,0.00055622,378.51,900,10.73,0
2.4002e-05,0.00057573,0.00055172,379.44,900,10.756,0
2.389e-05,0.00057112,0.00054723,380.38,900,10.783,0
2.3774e-05,0.00056661,0.00054283,381.31,900,10.809,0
2.3658e-05,0.0005621,0.00053844,382.24,900,10.836,0
2.3542e-05,0.0005576,0.00053405,383.18,900,10.862,0
2.3427e-05,0.00055309,0.00052967,384.11,900,10.889,0
2.3311e-05,0.00054859,0.00052528,385.05,900,10.915,0
2.3195e-05,0.00054408,0.00052089,385.98,900,10.942,0
2.3079e-05,0.00053958,0.0005165,386.92,900,10.968,0
2.2962e-05,0.00053508,0.00051212,387.85,900,10.995,0
2.2839e-05,0.00053068,0.00050784,388.78,900,11.021,0
2.2716e-05,0.00052628,0.00050357,389.72,900,11.048,0
2.2592e-05,0.00052188,0.00049929,390.65,900,11.074,0
2.2469e-05,0.00051748,0.00049501,391.59,900,11.101,0
2.2346e-05,0.00051308,0.00049073,392.52,900,11.127,0
2.2223e-05,0.00050868,0.00048646,393.45,900,11.153,0
2.2099e-05,0.00050428,0.00048218,394.39,900,11.18,0
2.1976e-05,0.00049989,0.00047792,395.32,900,11.206,0
2.185e-05,0.00049557,0.00047372,396.26,900,11.233,0
2.1723e-05,0.00049125,0.00046953,397.19,900,11.259,0
2.1597e-05,0.00048693,0.00046533,398.13,900,11.286,0
2.1471e-05,0.00048261,0.00046114,399.06,900,11.312,0
2.1345e-05,0.00047829,0.00045695,399.99,900,11.339,0
2.1219e-05,0.00047397,0.00045275,400.93,900,11.365,0
2.1092e-05,0.00046965,0.00044856,401.86,900,11.392,0
2.0966e-05,0.00046534,0.00044437,402.8,900,11.418,0
2.0845e-05,0.00046111,0.00044027,403.73,900,11.445,0
2.0723e-05,0.00045689,0.00043617,404.67,900,11.471,0
2.0601e-05,0.00045266,0.00043206,405.6,900,11.498,0
2.048e-05,0.00044844,0.00042796,406.53,900,11.524,0
2.0358e-05,0.00044421,0.00042385,407.47,900,11.551,0
2.0236e-05,0.00043999,0.00041975,408.4,900,11.577,0
2.0115e-05,0.00043576,0.00041565,409.34,900,11.604,0
1.9993e-05,0.00043154,0.00041154,410.27,900,11.63,0
1.987e-05,0.00042741,0.00040754,411.21,900,11.657,0
1.9748e-05,0.0004233,0.00040355,412.14,900,11.683,0
1.9625e-05,0.00041918,0.00039956,413.07,900,11.71,0
1.9502e-05,0.00041507,0.00039556,414.01,900,11.736,0
1.938e-05,0.00041095,0.00039157,414.94,900,11.763,0
1.9257e-05,0.00040684,0.00038758,415.88,900,11.789,0
1.9134e-05,0.00040272,0.00038359,416.81,900,11.816,0
1.9011e-05,0.00039861,0.0003796,417.75,900,11.842,0
1.8884e-05,0.0003946,0.00037571,418.68,900,11.869,0
1.8754e-05,0.00039066,0.00037191,419.61,900,11.895,0
1.8623e-05,0.00038673,0.00036811,420.55,900,11.922,0
1.8492e-05,0.00038279,0.0003643,421.48,900,11.948,0
1.8362e-05,0.00037886,0.0003605,422.42,900,11.975,0
1.8231e-05,0.00037492,0.00035669,423.35,900,12.001,0
1.81e-05,0.00037099,0.00035289,424.29,900,12.027,0
1.797e-05,0.00036705,0.00034908,425.22,900,12.054,0
1.7839e-05,0.00036315,0.00034531,426.15,900,12.08,0
1.7707e-05,0.00035942,0.00034171,427.09,900,12.107,0
1.7574e-05,0.0003557,0.00033812,428.02,900,12.133,0
1.7442e-05,0.00035197,0.00033453,428.96,900,12.16,0
1.731e-05,0.00034825,0.00033094,429.89,900,12.186,0
1.7178e-05,0.00034453,0.00032735,430.83,900,12.213,0
1.7045e-05,0.0003408,0.00032376,431.76,900,12.239,0
1.6913e-05,0.00033708,0.00032017,432.69,900,12.266,0
1.6781e-05,0.00033336,0.00031657,433.63,900,12.292,0
1.6648e-05,0.00032973,0.00031308,434.56,900,12.319,0
1.6516e-05,0.00032619,0.00030967,435.5,900,12.345,0
1.6384e-05,0.00032264,0.00030626,436.43,900,12.372,0
1.6251e-05,0.0003191,0.00030285,437.37,900,12.398,0
1.6119e-05,0.00031555,0.00029943,438.3,900,12.425,0
1.5986e-05,0.00031201,0.00029602,439.23,900,12.451,0
1.5854e-05,0.00030846,0.00029261,440.17,900,12.478,0
1.5722e-05,0.00030492,0.0002892,441.1,900,12.504,0
1.5589e-05,0.00030137,0.00028579,442.04,900,12.531,0
1.5454e-05,0.000298,0.00028254,442.97,900,12.557,0
1.5318e-05,0.00029464,0.00027932,443.91,900,12.584,0
1.5182e-05,0.00029129,0.0002761,444.84,900,12.61,0
1.5046e-05,0.00028793,0.00027289,445.77,900,12.637,0
1.491e-05,0.00028458,0.00026967,446.71,900,12.663,0
1.4774e-05,0.00028122,0.00026645,447.64,900,12.69,0
1.4638e-05,0.00027787,0.00026323,448.58,900,12.716,0
1.4502e-05,0.00027451,0.00026001,449.51,900,12.743,0
1.4366e-05,0.00027117,0.0002568,450.45,900,12.769,0
1.4231e-05,0.00026804,0.00025381,451.38,900,12.796,0
1.4096e-05,0.0002649,0.00025081,452.31,900,12.822,0
1.396e-05,0.00026177,0.00024781,453.25,900,12.848,0
1.3825e-05,0.00025864,0.00024482,454.18,900,12.875,0
1.369e-05,0.00025551,0.00024182,455.12,900,12.901,0
1.3555e-05,0.00025238,0.00023882,456.05,900,12.928,0
1.3419e-05,0.00024924,0.00023583,456.99,900,12.954,0
1.3284e-05,0.00024611,0.00023283,457.92,900,12.981,0
1.315e-05,0.000243,0.00022985,458.85,900,13.007,0
1.3021e-05,0.00024005,0.00022702,459.79,900,13.034,0
1.2893e-05,0.00023709,0.0002242,460.72,900,13.06,0
1.2765e-05,0.00023414,0.00022137,461.66,900,13.087,0
1.2636e-05,0.00023118,0.00021855,462.59,900,13.113,0
1.2508e-05,0.00022823,0.00021572,463.53,900,13.14,0
1.2379e-05,0.00022527,0.00021289,464.46,900,13.166,0
1.2251e-05,0.00022232,0.00021007,465.39,900,13.193,0
1.2122e-05,0.00021936,0.00020724,466.33,900,13.219,0
1.1994e-05,0.00021641,0.00020442,467.26,900,13.246,0
1.1869e-05,0.0002136,0.00020174,468.2,900,13.272,0
1.1743e-05,0.00021079,0.00019905,469.13,900,13.299,0
1.1617e-05,0.00020799,0.00019637,470.07,900,13.325,0
1.1492e-05,0.00020518,0.00019368,471,900,13.352,0
1.1366e-05,0.00020237,0.000191,471.93,900,13.378,0
1.124e-05,0.00019956,0.00018832,472.87,900,13.405,0
1.1115e-05,0.00019675,0.00018563,473.8,900,13.431,0
1.0989e-05,0.00019394,0.00018295,474.74,900,13.458,0
1.0863e-05,0.00019113,0.00018027,475.67,900,13.484,0
1.0739e-05,0.00018851,0.00017777,476.61,900,13.511,0
1.0614e-05,0.00018593,0.00017532,477.54,900,13.537,0
1.0489e-05,0.00018336,0.00017287,478.47,900,13.564,0
1.0364e-05,0.00018078,0.00017041,479.41,900,13.59,0
1.0239e-05,0.0001782,0.00016796,480.34,900,13.617,0
1.0115e-05,0.00017562,0.00016551,481.28,900,13.643,0
9.9899e-06,0.00017305,0.00016306,482.21,900,13.67,0
9.8651e-06,0.00017047,0.0001606,483.15,900,13.696,0
9.7403e-06,0.00016789,0.00015815,484.08,900,13.722,0
9.6213e-06,0.00016546,0.00015584,485.01,900,13.749,0
9.5086e-06,0.00016318,0.00015367,485.95,900,13.775,0
9.3958e-06,0.0001609,0.00015151,486.88,900,13.802,0
9.283e-06,0.00015863,0.00014934,487.82,900,13.828,0
9.1703e-06,0.00015635,0.00014718,488.75,900,13.855,0
9.0575e-06,0.00015407,0.00014502,489.69,900,13.881,0
8.9447e-06,0.0001518,0.00014285,490.62,900,13.908,0
8.832e-06,0.00014952,0.00014069,491.55,900,13.934,0
8.7192e-06,0.00014724,0.00013852,492.49,900,13.961,0
8.6066e-06,0.00014497,0.00013636,493.42,900,13.987,0
8.5086e-06,0.00014293,0.00013442,494.36,900,14.014,0
8.4106e-06,0.00014089,0.00013248,495.29,900,14.04,0
8.3126e-06,0.00013885,0.00013054,496.22,900,14.067,0
8.2146e-06,0.00013681,0.0001286,497.16,900,14.093,0
8.1166e-06,0.00013477,0.00012666,498.09,900,14.12,0
8.0186e-06,0.00013273,0.00012471,499.03,900,14.146,0
7.9206e-06,0.00013069,0.00012277,499.96,900,14.173,0
7.8226e-06,0.00012865,0.00012083,500.9,900,14.199,0
7.7246e-06,0.00012662,0.00011889,501.83,900,14.226,0
7.6289e-06,0.00012465,0.00011702,502.76,900,14.252,0
7.5363e-06,0.00012277,0.00011524,503.7,900,14.279,0
7.4438e-06,0.0001209,0.00011346,504.63,900,14.305,0
7.3513e-06,0.00011903,0.00011168,505.57,900,14.332,0
7.2588e-06,0.00011716,0.0001099,506.5,900,14.358,0
7.1663e-06,0.00011529,0.00010812,507.44,900,14.385,0
7.0737e-06,0.00011341,0.00010634,508.37,900,14.411,0
6.9812e-06,0.00011154,0.00010456,509.3,900,14.438,0
6.8887e-06,0.00010967,0.00010278,510.24,900,14.464,0
6.7962e-06,0.0001078,0.000101,511.17,900,14.491,0
6.7039e-06,0.00010607,9.9366e-05,512.11,900,14.517,0
6.6117e-06,0.00010441,9.7797e-05,513.04,900,14.543,0
6.5195e-06,0.00010275,9.6228e-05,513.98,900,14.57,0
6.4273e-06,0.00010109,9.4658e-05,514.91,900,14.596,0
6.3351e-06,9.9424e-05,9.3089e-05,515.84,900,14.623,0
6.2429e-06,9.7762e-05,9.1519e-05,516.78,900,14.649,0
6.1507e-06,9.6101e-05,8.995e-05,517.71,900,14.676,0
6.0585e-06,9.4439e-05,8.8381e-05,518.65,900,14.702,0
5.9663e-06,9.2778e-05,8.6811e-05,519.58,900,14.729,0
5.8741e-06,9.1116e-05,8.5242e-05,520.52,900,14.755,0
5.7853e-06,8.9632e-05,8.3846e-05,521.45,900,14.782,0
5.6974e-06,8.8189e-05,8.2492e-05,522.38,900,14.808,0
5.6095e-06,8.6747e-05,8.1138e-05,523.32,900,14.835,0
5.5216e-06,8.5305e-05,7.9783e-05,524.25,900,14.861,0
5.4337e-06,8.3863e-05,7.8429e-05,525.19,900,14.888,0
5.3458e-06,8.242e-05,7.7074e-05,526.12,900,14.914,0
5.2579e-06,8.0978e-05,7.572e-05,527.06,900,14.941,0
5.17e-06,7.9536e-05,7.4366e-05,527.99,900,14.967,0
5.0821e-06,7.8093e-05,7.3011e-05,528.92,900,14.994,0
4.9941e-06,7.6651e-05,7.1657e-05,529.86,900,15.02,0
4.9119e-06,7.5328e-05,7.0416e-05,530.79,900,15.047,0
4.8311e-06,7.4032e-05,6.9201e-05,531.73,900,15.073,0
4.7502e-06,7.2737e-05,6.7987e-05,532.66,900,15.1,0
4.6694e-06,7.1442e-05,6.6773e-05,533.6,900,15.126,0
4.5885e-06,7.0147e-05,6.5558e-05,534.53,900,15.153,0
4.5077e-06,6.8852e-05,6.4344e-05,535.46,900,15.179,0
4.4268e-06,6.7556e-05,6.313e-05,536.4,900,15.206,0
4.346e-06,6.6261e-05,6.1915e-05,537.33,900,15.232,0
4.2651e-06,6.4966e-05,6.0701e-05,538.27,900,15.259,0
4.1843e-06,6.3671e-05,5.9487e-05,539.2,900,15.285,0
4.1066e-06,6.246e-05,5.8354e-05,540.14,900,15.312,0
4.0304e-06,6.1291e-05,5.7261e-05,541.07,900,15.338,0
3.9543e-06,6.0122e-05,5.6167e-05,542,900,15.365,0
3.8782e-06,5.8952e-05,5.5074e-05,542.94,900,15.391,0
3.802e-06,5.7783e-05,5.3981e-05,543.87,900,15.417,0
3.7259e-06,5.6614e-05,5.2888e-05,544.81,900,15.444,0
3.6497e-06,5.5444e-05,5.1795e-05,545.74,900,15.47,0
3.5736e-06,5.4275e-05,5.0701e-05,546.68,900,15.497,0
3.4975e-06,5.3106e-05,4.9608e-05,547.61,900,15.523,0
3.4213e-06,5.1936e-05,4.8515e-05,548.54,900,15.55,0
3.3476e-06,5.0841e-05,4.7493e-05,549.48,900,15.576,0
3.2776e-06,4.9855e-05,4.6577e-05,550.41,900,15.603,0
3.2075e-06,4.8868e-05,4.5661e-05,551.35,900,15.629,0
3.1375e-06,4.7882e-05,4.4744e-05,552.28,900,15.656,0
3.0674e-06,4.6896e-05,4.3828e-05,553.22,900,15.682,0
2.9974e-06,4.5909e-05,4.2912e-05,554.15,900,15.709,0
2.9273e-06,4.4923e-05,4.1995e-05,555.08,900,15.735,0
2.8573e-06,4.3936e-05,4.1079e-05,556.02,900,15.762,0
2.7872e-06,4.295e-05,4.0163e-05,556.95,900,15.788,0
2.7172e-06,4.1964e-05,3.9246e-05,557.89,900,15.815,0
2.6472e-06,4.0978e-05,3.8331e-05,558.82,900,15.841,0
2.5883e-06,4.0193e-05,3.7605e-05,559.76,900,15.868,0
2.5294e-06,3.9409e-05,3.688e-05,560.69,900,15.894,0
2.4705e-06,3.8625e-05,3.6154e-05,561.62,900,15.921,0
2.4116e-06,3.784e-05,3.5429e-05,562.56,900,15.947,0
2.3527e-06,3.7056e-05,3.4703e-05,563.49,900,15.974,0
2.2938e-06,3.6271e-05,3.3978e-05,564.43,900,16,0
2.2349e-06,3.5487e-05,3.3252e-05,565.36,900,16.027,0
2.176e-06,3.4703e-05,3.2527e-05,566.3,900,16.053,0
2.1171e-06,3.3918e-05,3.1801e-05,567.23,900,16.08,0
2.0582e-06,3.3134e-05,3.1076e-05,568.16,900,16.106,0
2.0053e-06,3.2419e-05,3.0414e-05,569.1,900,16.133,0
1.9594e-06,3.1784e-05,2.9825e-05,570.03,900,16.159,0
1.9134e-06,3.1149e-05,2.9236e-05,570.97,900,16.186,0
1.8674e-06,3.0514e-05,2.8647e-05,571.9,900,16.212,0
1.8214e-06,2.9879e-05,2.8058e-05,572.84,900,16.238,0
1.7754e-06,2.9244e-05,2.7469e-05,573.77,900,16.265,0
1.7295e-06,2.8609e-05,2.688e-05,574.7,900,16.291,0
1.6835e-06,2.7975e-05,2.6291e-05,575.64,900,16.318,0
1.6375e-06,2.734e-05,2.5702e-05,576.57,900,16.344,0
1.5915e-06,2.6705e-05,2.5113e-05,577.51,900,16.371,0
1.5455e-06,2.607e-05,2.4524e-05,578.44,900,16.397,0
1.5078e-06,2.5504e-05,2.3996e-05,579.38,900,16.424,0
1.4722e-06,2.4955e-05,2.3483e-05,580.31,900,16.45,0
1.4366e-06,2.4407e-05,2.2971e-05,581.24,900,16.477,0
1.401e-06,2.3859e-05,2.2458e-05,582.18,900,16.503,0
1.3654e-06,2.3311e-05,2.1946e-05,583.11,900,16.53,0
1.3298e-06,2.2763e-05,2.1433e-05,584.05,900,16.556,0
1.2943e-06,2.2215e-05,2.092e-05,584.98,900,16.583,0
1.2587e-06,2.1667e-05,2.0408e-05,585.92,900,16.609,0
1.2231e-06,2.1118e-05,1.9895e-05,586.85,900,16.636,0
1.1875e-06,2.057e-05,1.9383e-05,587.78,900,16.662,0
1.1519e-06,2.0022e-05,1.887e-05,588.72,900,16.689,0
1.1229e-06,1.9544e-05,1.8421e-05,589.65,900,16.715,0
1.0941e-06,1.9066e-05,1.7972e-05,590.59,900,16.742,0
1.0652e-06,1.8589e-05,1.7524e-05,591.52,900,16.768,0
1.0364e-06,1.8111e-05,1.7075e-05,592.46,900,16.795,0
1.0075e-06,1.7634e-05,1.6626e-05,593.39,900,16.821,0
9.7866e-07,1.7157e-05,1.6178e-05,594.32,900,16.848,0
9.498e-07,1.6679e-05,1.5729e-05,595.26,900,16.874,0
9.2095e-07,1.6202e-05,1.5281e-05,596.19,900,16.901,0
8.9209e-07,1.5724e-05,1.4832e-05,597.13,900,16.927,0
8.6323e-07,1.5247e-05,1.4384e-05,598.06,900,16.954,0
8.3459e-07,1.4773e-05,1.3939e-05,598.99,900,16.98,0
8.1032e-07,1.4383e-05,1.3573e-05,599.93,900,17.007,0
7.8605e-07,1.3993e-05,1.3207e-05,600.86,900,17.033,0
7.6178e-07,1.3603e-05,1.2841e-05,601.8,900,17.06,0
7.3751e-07,1.3213e-05,1.2475e-05,602.73,900,17.086,0
7.1324e-07,1.2822e-05,1.2109e-05,603.67,900,17.112,0
6.8898e-07,1.2432e-05,1.1743e-05,604.6,900,17.139,0
6.6471e-07,1.2042e-05,1.1377e-05,605.53,900,17.165,0
6.4044e-07,1.1652e-05,1.1011e-05,606.47,900,17.192,0
6.1617e-07,1.1262e-05,1.0645e-05,607.4,900,17.218,0
5.919e-07,1.0871e-05,1.0279e-05,608.34,900,17.245,0
5.6763e-07,1.0481e-05,9.9135e-06,609.27,900,17.271,0
5.4689e-07,1.0174e-05,9.627e-06,610.21,900,17.298,0
5.2625e-07,9.8693e-06,9.343e-06,611.14,900,17.324,0
5.0561e-07,9.5647e-06,9.059e-06,612.07,900,17.351,0
4.8498e-07,9.26e-06,8.7751e-06,613.01,900,17.377,0
4.6434e-07,8.9554e-06,8.4911e-06,613.94,900,17.404,0
4.4371e-07,8.6508e-06,8.2071e-06,614.88,900,17.43,0
4.2307e-07,8.3462e-06,7.9231e-06,615.81,900,17.457,0
4.0243e-07,8.0415e-06,7.6391e-06,616.75,900,17.483,0
3.818e-07,7.7369e-06,7.3551e-06,617.68,900,17.51,0
3.6116e-07,7.4323e-06,7.0711e-06,618.61,900,17.536,0
3.4053e-07,7.1276e-06,6.7871e-06,619.55,900,17.563,0
3.2229e-07,6.879e-06,6.5567e-06,620.48,900,17.589,0
3.0481e-07,6.6481e-06,6.3433e-06,621.42,900,17.616,0
2.8734e-07,6.4172e-06,6.1299e-06,622.35,900,17.642,0
2.6986e-07,6.1863e-06,5.9165e-06,623.29,900,17.669,0
2.5238e-07,5.9554e-06,5.703e-06,624.22,900,17.695,0
2.349e-07,5.7245e-06,5.4896e-06,625.15,900,17.722,0
2.1743e-07,5.4936e-06,5.2762e-06,626.09,900,17.748,0
1.9995e-07,5.2627e-06,5.0628e-06,627.02,900,17.775,0
1.8247e-07,5.0318e-06,4.8494e-06,627.96,900,17.801,0
1.6499e-07,4.8009e-06,4.6359e-06,628.89,900,17.828,0
1.4752e-07,4.5701e-06,4.4225e-06,629.83,900,17.854,0
1.3132e-07,4.3676e-06,4.2363e-06,630.76,900,17.881,0
1.1694e-07,4.2054e-06,4.0885e-06,631.69,900,17.907,0
1.0255e-07,4.0432e-06,3.9407e-06,632.63,900,17.933,0
8.8163e-08,3.881e-06,3.7929e-06,633.56,900,17.96,0
7.3777e-08,3.7188e-06,3.645e-06,634.5,900,17.986,0
5.939e-08,3.5566e-06,3.4972e-06,635.43,900,18.013,0
4.5004e-08,3.3944e-06,3.3494e-06,636.37,900,18.039,0
3.0618e-08,3.2322e-06,3.2016e-06,637.3,900,18.066,0
1.6232e-08,3.07e-06,3.0538e-06,638.23,900,18.092,0
1.846e-09,2.9078e-06,2.906e-06,639.17,900,18.119,0
-1.2541e-08,2.7456e-06,2.7582e-06,640.1,900,18.145,0
-2.6927e-08,2.5834e-06,2.6104e-06,641.04,900,18.172,0
-3.7939e-08,2.4707e-06,2.5086e-06,641.97,900,18.198,0
-4.8714e-08,2.3614e-06,2.4101e-06,642.91,900,18.225,0
-5.9491e-08,2.2521e-06,2.3116e-06,643.84,900,18.251,0
-7.0267e-08,2.1429e-06,2.2131e-06,644.77,900,18.278,0
-8.1043e-08,2.0336e-06,2.1146e-06,645.71,900,18.304,0
-9.182e-08,1.9243e-06,2.0161e-06,646.64,900,18.331,0
-1.026e-07,1.815e-06,1.9176e-06,647.58,900,18.357,0
-1.1337e-07,1.7057e-06,1.8191e-06,648.51,900,18.384,0
-1.2415e-07,1.5965e-06,1.7206e-06,649.45,900,18.41,0
-1.3492e-07,1.4872e-06,1.6221e-06,650.38,900,18.437,0
-1.457e-07,1.3779e-06,1.5236e-06,651.31,900,18.463,0
-1.5522e-07,1.278e-06,1.4333e-06,652.25,900,18.49,0
-1.6211e-07,1.198e-06,1.3601e-06,653.18,900,18.516,0
-1.6899e-07,1.118e-06,1.287e-06,654.12,900,18.543,0
-1.7587e-07,1.0379e-06,1.2138e-06,655.05,900,18.569,0
-1.8275e-07,9.5792e-07,1.1407e-06,655.99,900,18.596,0
-1.8963e-07,8.7789e-07,1.0675e-06,656.92,900,18.622,0
-1.9651e-07,7.9786e-07,9.9437e-07,657.85,900,18.649,0
-2.0339e-07,7.1783e-07,9.2122e-07,658.79,900,18.675,0
-2.1027e-07,6.378e-07,8.4807e-07,659.72,900,18.702,0
-2.1715e-07,5.5777e-07,7.7492e-07,660.66,900,18.728,0
-2.2403e-07,4.7774e-07,7.0177e-07,661.59,900,18.755,0
-2.3091e-07,3.9771e-07,6.2863e-07,662.53,900,18.781,0
-2.3605e-07,3.2366e-07,5.5971e-07,663.46,900,18.807,0
-2.3991e-07,2.5404e-07,4.9394e-07,664.39,900,18.834,0
-2.4376e-07,1.8441e-07,4.2817e-07,665.33,900,18.86,0
-2.4761e-07,1.1479e-07,3.624e-07,666.26,900,18.887,0
-2.5147e-07,4.5165e-08,2.9663e-07,667.2,900,18.913,0
-2.5532e-07,-2.4456e-08,2.3086e-07,668.13,900,18.94,0
-2.5917e-07,-9.4077e-08,1.651e-07,669.07,900,18.966,0
-2.6303e-07,-1.637e-07,9.9324e-08,670,900,18.993,0
-2.6688e-07,-2.3332e-07,3.3557e-08,670.93,900,19.019,0
-2.7073e-07,-3.0295e-07,-3.2215e-08,671.87,900,19.046,0
-2.7459e-07,-3.7257e-07,-9.7983e-08,672.8,900,19.072,0
-2.7844e-07,-4.422e-07,-1.6376e-07,673.74,900,19.099,0
-2.8102e-07,-5.0689e-07,-2.2588e-07,674.67,900,19.125,0
-2.8303e-07,-5.6942e-07,-2.8639e-07,675.61,900,19.152,0
-2.8504e-07,-6.3195e-07,-3.4691e-07,676.54,900,19.178,0
-2.8705e-07,-6.9447e-07,-4.0742e-07,677.47,900,19.205,0
-2.8906e-07,-7.57e-07,-4.6794e-07,678.41,900,19.231,0
-2.9107e-07,-8.1953e-07,-5.2845e-07,679.34,900,19.258,0
-2.9308e-07,-8.8206e-07,-5.8897e-07,680.28,900,19.284,0
-2.951e-07,-9.4458e-07,-6.4949e-07,681.21,900,19.311,0
-2.9711e-07,-1.0071e-06,-7.1001e-07,682.15,900,19.337,0
-2.9912e-07,-1.0696e-06,-7.7052e-07,683.08,900,19.364,0
-3.0113e-07,-1.1322e-06,-8.3103e-07,684.01,900,19.39,0
-3.0314e-07,-1.1947e-06,-8.9155e-07,684.95,900,19.417,0
-3.0478e-07,-1.2516e-06,-9.4677e-07,685.88,900,19.443,0
-3.0623e-07,-1.3058e-06,-9.9953e-07,686.82,900,19.47,0
-3.0769e-07,-1.36e-06,-1.0523e-06,687.75,900,19.496,0
-3.0915e-07,-1.4142e-06,-1.105e-06,688.69,900,19.523,0
-3.1061e-07,-1.4684e-06,-1.1578e-06,689.62,900,19.549,0
-3.1207e-07,-1.5226e-06,-1.2105e-06,690.55,900,19.576,0
-3.1352e-07,-1.5768e-06,-1.2633e-06,691.49,900,19.602,0
-3.1498e-07,-1.631e-06,-1.316e-06,692.42,900,19.628,0
-3.1644e-07,-1.6852e-06,-1.3688e-06,693.36,900,19.655,0
-3.179e-07,-1.7394e-06,-1.4215e-06,694.29,900,19.681,0
-3.1935e-07,-1.7936e-06,-1.4743e-06,695.23,900,19.708,0
-3.2081e-07,-1.8478e-06,-1.527e-06,696.16,900,19.734,0
-3.2221e-07,-1.8961e-06,-1.5739e-06,697.09,900,19.761,0
-3.2354e-07,-1.9393e-06,-1.6158e-06,698.03,900,19.787,0
-3.2488e-07,-1.9825e-06,-1.6576e-06,698.96,900,19.814,0
-3.2622e-07,-2.0257e-06,-1.6995e-06,699.9,900,19.84,0
-3.2756e-07,-2.0689e-06,-1.7414e-06,700.83,900,19.867,0
-3.289e-07,-2.1121e-06,-1.7832e-06,701.76,900,19.893,0
-3.3023e-07,-2.1553e-06,-1.8251e-06,702.7,900,19.92,0
-3.3157e-07,-2.1985e-06,-1.867e-06,703.63,900,19.946,0
-3.3291e-07,-2.2417e-06,-1.9088e-06,704.57,900,19.973,0
-3.3425e-07,-2.2849e-06,-1.9507e-06,705.5,900,19.999,0
-3.3559e-07,-2.3281e-06,-1.9925e-06,706.44,900,20.026,0
-3.3692e-07,-2.3713e-06,-2.0344e-06,707.37,900,20.052,0
-3.3829e-07,-2.4104e-06,-2.0721e-06,708.3,900,20.079,0
-3.3975e-07,-2.4376e-06,-2.0978e-06,709.24,900,20.105,0
-3.4121e-07,-2.4648e-06,-2.1236e-06,710.17,900,20.132,0
-3.4266e-07,-2.492e-06,-2.1493e-06,711.11,900,20.158,0
-3.4412e-07,-2.5191e-06,-2.175e-06,712.04,900,20.185,0
-3.4558e-07,-2.5463e-06,-2.2008e-06,712.98,900,20.211,0
-3.4704e-07,-2.5735e-06,-2.2265e-06,713.91,900,20.238,0
-3.4849e-07,-2.6007e-06,-2.2522e-06,714.84,900,20.264,0
-3.4995e-07,-2.6279e-06,-2.278e-06,715.78,900,20.291,0
-3.5141e-07,-2.6551e-06,-2.3037e-06,716.71,900,20.317,0
-3.5286e-07,-2.6823e-06,-2.3294e-06,717.65,900,20.344,0
-3.5432e-07,-2.7095e-06,-2.3552e-06,718.58,900,20.37,0
-3.5578e-07,-2.7367e-06,-2.3809e-06,719.52,900,20.397,0
-3.5748e-07,-2.7521e-06,-2.3946e-06,720.45,900,20.423,0
-3.5922e-07,-2.7654e-06,-2.4062e-06,721.38,900,20.45,0
-3.6096e-07,-2.7788e-06,-2.4178e-06,722.32,900,20.476,0
-3.627e-07,-2.7921e-06,-2.4294e-06,723.25,900,20.502,0
-3.6444e-07,-2.8055e-06,-2.441e-06,724.19,900,20.529,0
-3.6618e-07,-2.8188e-06,-2.4526e-06,725.12,900,20.555,0
-3.6792e-07,-2.8321e-06,-2.4642e-06,726.06,900,20.582,0
-3.6966e-07,-2.8455e-06,-2.4758e-06,726.99,900,20.608,0
-3.714e-07,-2.8588e-06,-2.4874e-06,727.92,900,20.635,0
-3.7314e-07,-2.8722e-06,-2.499e-06,728.86,900,20.661,0
-3.7488e-07,-2.8855e-06,-2.5106e-06,729.79,900,20.688,0
-3.7662e-07,-2.8989e-06,-2.5222e-06,730.73,900,20.714,0
-3.7839e-07,-2.9106e-06,-2.5322e-06,731.66,900,20.741,0
-3.8023e-07,-2.9187e-06,-2.5385e-06,732.6,900,20.767,0
-3.8207e-07,-2.9268e-06,-2.5447e-06,733.53,900,20.794,0
-3.8391e-07,-2.9349e-06,-2.551e-06,734.46,900,20.82,0
-3.8575e-07,-2.943e-06,-2.5573e-06,735.4,900,20.847,0
-3.876e-07,-2.9512e-06,-2.5636e-06,736.33,900,20.873,0
-3.8944e-07,-2.9593e-06,-2.5698e-06,737.27,900,20.9,0
-3.9128e-07,-2.9674e-06,-2.5761e-06,738.2,900,20.926,0
-3.9312e-07,-2.9755e-06,-2.5824e-06,739.14,900,20.953,0
-3.9496e-07,-2.9837e-06,-2.5887e-06,740.07,900,20.979,0
-3.968e-07,-2.9918e-06,-2.595e-06,741,900,21.006,0
-3.9864e-07,-2.9999e-06,-2.6012e-06,741.94,900,21.032,0
-4.0048e-07,-3.008e-06,-2.6075e-06,742.87,900,21.059,0
-4.0218e-07,-3.0171e-06,-2.6149e-06,743.81,900,21.085,0
-4.0381e-07,-3.0268e-06,-2.623e-06,744.74,900,21.112,0
-4.0543e-07,-3.0364e-06,-2.631e-06,745.68,900,21.138,0
-4.0705e-07,-3.046e-06,-2.639e-06,746.61,900,21.165,0
-4.0868e-07,-3.0557e-06,-2.647e-06,747.54,900,21.191,0
-4.103e-07,-3.0653e-06,-2.655e-06,748.48,900,21.218,0
-4.1192e-07,-3.075e-06,-2.663e-06,749.41,900,21.244,0
-4.1355e-07,-3.0846e-06,-2.6711e-06,750.35,900,21.271,0
-4.1517e-07,-3.0942e-06,-2.6791e-06,751.28,900,21.297,0
-4.1679e-07,-3.1039e-06,-2.6871e-06,752.22,900,21.323,0
-4.1842e-07,-3.1135e-06,-2.6951e-06,753.15,900,21.35,0
-4.2004e-07,-3.1232e-06,-2.7031e-06,754.08,900,21.376,0
-4.2166e-07,-3.1328e-06,-2.7111e-06,755.02,900,21.403,0
-4.235e-07,-3.1446e-06,-2.7211e-06,755.95,900,21.429,0
-4.2537e-07,-3.1568e-06,-2.7314e-06,756.89,900,21.456,0
-4.2725e-07,-3.1689e-06,-2.7417e-06,757.82,900,21.482,0
-4.2912e-07,-3.1811e-06,-2.752e-06,758.76,900,21.509,0
-4.3099e-07,-3.1933e-06,-2.7623e-06,759.69,900,21.535,0
-4.3287e-07,-3.2054e-06,-2.7726e-06,760.62,900,21.562,0
-4.3474e-07,-3.2176e-06,-2.7828e-06,761.56,900,21.588,0
-4.3661e-07,-3.2297e-06,-2.7931e-06,762.49,900,21.615,0
-4.3849e-07,-3.2419e-06,-2.8034e-06,763.43,900,21.641,0
-4.4036e-07,-3.2541e-06,-2.8137e-06,764.36,900,21.668,0
-4.4223e-07,-3.2662e-06,-2.824e-06,765.3,900,21.694,0
-4.4411e-07,-3.2784e-06,-2.8343e-06,766.23,900,21.721,0
-4.4598e-07,-3.2906e-06,-2.8446e-06,767.16,900,21.747,0
-4.4855e-07,-3.3043e-06,-2.8558e-06,768.1,900,21.774,0
-4.5117e-07,-3.3182e-06,-2.867e-06,769.03,900,21.8,0
-4.5379e-07,-3.332e-06,-2.8782e-06,769.97,900,21.827,0
-4.5642e-07,-3.3459e-06,-2.8895e-06,770.9,900,21.853,0
-4.5904e-07,-3.3598e-06,-2.9007e-06,771.84,900,21.88,0
-4.6166e-07,-3.3736e-06,-2.912e-06,772.77,900,21.906,0
-4.6428e-07,-3.3875e-06,-2.9232e-06,773.7,900,21.933,0
-4.6691e-07,-3.4013e-06,-2.9344e-06,774.64,900,21.959,0
-4.6953e-07,-3.4152e-06,-2.9457e-06,775.57,900,21.986,0
-4.7215e-07,-3.4291e-06,-2.9569e-06,776.51,900,22.012,0
-4.7477e-07,-3.4429e-06,-2.9682e-06,777.44,900,22.039,0
-4.774e-07,-3.4568e-06,-2.9794e-06,778.38,900,22.065,0
-4.8002e-07,-3.4707e-06,-2.9906e-06,779.31,900,22.092,0
-4.8276e-07,-3.4852e-06,-3.0025e-06,780.24,900,22.118,0
-4.8552e-07,-3.4999e-06,-3.0144e-06,781.18,900,22.145,0
-4.8827e-07,-3.5146e-06,-3.0263e-06,782.11,900,22.171,0
-4.9103e-07,-3.5292e-06,-3.0382e-06,783.05,900,22.197,0
-4.9378e-07,-3.5439e-06,-3.0501e-06,783.98,900,22.224,0
-4.9654e-07,-3.5586e-06,-3.062e-06,784.92,900,22.25,0
-4.993e-07,-3.5733e-06,-3.074e-06,785.85,900,22.277,0
-5.0205e-07,-3.5879e-06,-3.0859e-06,786.78,900,22.303,0
-5.0481e-07,-3.6026e-06,-3.0978e-06,787.72,900,22.33,0
-5.0756e-07,-3.6173e-06,-3.1097e-06,788.65,900,22.356,0
-5.1032e-07,-3.6319e-06,-3.1216e-06,789.59,900,22.383,0
-5.1308e-07,-3.6466e-06,-3.1335e-06,790.52,900,22.409,0
-5.1583e-07,-3.6613e-06,-3.1455e-06,791.46,900,22.436,0
-5.1823e-07,-3.6761e-06,-3.1579e-06,792.39,900,22.462,0
-5.2047e-07,-3.691e-06,-3.1706e-06,793.32,900,22.489,0
-5.2272e-07,-3.7059e-06,-3.1832e-06,794.26,900,22.515,0
-5.2496e-07,-3.7208e-06,-3.1959e-06,795.19,900,22.542,0
-5.2721e-07,-3.7357e-06,-3.2085e-06,796.13,900,22.568,0
-5.2945e-07,-3.7506e-06,-3.2212e-06,797.06,900,22.595,0
-5.317e-07,-3.7655e-06,-3.2338e-06,798,900,22.621,0
-5.3394e-07,-3.7804e-06,-3.2465e-06,798.93,900,22.648,0
-5.3619e-07,-3.7953e-06,-3.2591e-06,799.86,900,22.674,0
-5.3843e-07,-3.8102e-06,-3.2718e-06,800.8,900,22.701,0
-5.4068e-07,-3.8251e-06,-3.2844e-06,801.73,900,22.727,0
-5.4292e-07,-3.84e-06,-3.2971e-06,802.67,900,22.754,0
-5.4517e-07,-3.8549e-06,-3.3098e-06,803.6,900,22.78,0
-5.4709e-07,-3.8704e-06,-3.3233e-06,804.53,900,22.807,0
-5.4857e-07,-3.8866e-06,-3.338e-06,805.47,900,22.833,0
-5.5004e-07,-3.9028e-06,-3.3528e-06,806.4,900,22.86,0
-5.5152e-07,-3.919e-06,-3.3675e-06,807.34,900,22.886,0
-5.5299e-07,-3.9353e-06,-3.3823e-06,808.27,900,22.913,0
-5.5447e-07,-3.9515e-06,-3.397e-06,809.21,900,22.939,0
-5.5595e-07,-3.9677e-06,-3.4118e-06,810.14,900,22.966,0
-5.5742e-07,-3.9839e-06,-3.4265e-06,811.07,900,22.992,0
-5.589e-07,-4.0002e-06,-3.4413e-06,812.01,900,23.018,0
-5.6037e-07,-4.0164e-06,-3.456e-06,812.94,900,23.045,0
-5.6185e-07,-4.0326e-06,-3.4707e-06,813.88,900,23.071,0
-5.6332e-07,-4.0488e-06,-3.4855e-06,814.81,900,23.098,0
-5.648e-07,-4.065e-06,-3.5002e-06,815.75,900,23.124,0
-5.6628e-07,-4.0813e-06,-3.515e-06,816.68,900,23.151,0
-5.6692e-07,-4.1e-06,-3.5331e-06,817.61,900,23.177,0
-5.6756e-07,-4.1187e-06,-3.5512e-06,818.55,900,23.204,0
-5.682e-07,-4.1375e-06,-3.5693e-06,819.48,900,23.23,0
-5.6883e-07,-4.1562e-06,-3.5873e-06,820.42,900,23.257,0
-5.6947e-07,-4.1749e-06,-3.6054e-06,821.35,900,23.283,0
-5.7011e-07,-4.1936e-06,-3.6235e-06,822.29,900,23.31,0
-5.7075e-07,-4.2124e-06,-3.6416e-06,823.22,900,23.336,0
-5.7139e-07,-4.2311e-06,-3.6597e-06,824.15,900,23.363,0
-5.7203e-07,-4.2498e-06,-3.6778e-06,825.09,900,23.389,0
-5.7267e-07,-4.2686e-06,-3.6959e-06,826.02,900,23.416,0
-5.7331e-07,-4.2873e-06,-3.714e-06,826.96,900,23.442,0
-5.7395e-07,-4.306e-06,-3.7321e-06,827.89,900,23.469,0
-5.7459e-07,-4.3248e-06,-3.7502e-06,828.83,900,23.495,0
-5.7541e-07,-4.344e-06,-3.7686e-06,829.76,900,23.522,0
-5.7645e-07,-4.3639e-06,-3.7874e-06,830.69,900,23.548,0
-5.7749e-07,-4.3837e-06,-3.8062e-06,831.63,900,23.575,0
-5.7853e-07,-4.4036e-06,-3.8251e-06,832.56,900,23.601,0
-5.7957e-07,-4.4235e-06,-3.8439e-06,833.5,900,23.628,0
-5.8062e-07,-4.4433e-06,-3.8627e-06,834.43,900,23.654,0
-5.8166e-07,-4.4632e-06,-3.8815e-06,835.37,900,23.681,0
-5.827e-07,-4.4831e-06,-3.9004e-06,836.3,900,23.707,0
-5.8374e-07,-4.5029e-06,-3.9192e-06,837.23,900,23.734,0
-5.8478e-07,-4.5228e-06,-3.938e-06,838.17,900,23.76,0
-5.8582e-07,-4.5427e-06,-3.9568e-06,839.1,900,23.787,0
-5.8686e-07,-4.5625e-06,-3.9757e-06,840.04,900,23.813,0
-5.879e-07,-4.5824e-06,-3.9945e-06,840.97,900,23.84,0
-5.8894e-07,-4.6023e-06,-4.0133e-06,841.91,900,23.866,0
-5.9053e-07,-4.6232e-06,-4.0327e-06,842.84,900,23.892,0
-5.9226e-07,-4.6445e-06,-4.0522e-06,843.77,900,23.919,0
-5.9399e-07,-4.6657e-06,-4.0718e-06,844.71,900,23.945,0
-5.9572e-07,-4.687e-06,-4.0913e-06,845.64,900,23.972,0
-5.9744e-07,-4.7083e-06,-4.1108e-06,846.58,900,23.998,0
-5.9917e-07,-4.7295e-06,-4.1303e-06,847.51,900,24.025,0
-6.009e-07,-4.7508e-06,-4.1499e-06,848.45,900,24.051,0
-6.0263e-07,-4.772e-06,-4.1694e-06,849.38,900,24.078,0
-6.0436e-07,-4.7933e-06,-4.1889e-06,850.31,900,24.104,0
-6.0609e-07,-4.8145e-06,-4.2084e-06,851.25,900,24.131,0
-6.0781e-07,-4.8358e-06,-4.228e-06,852.18,900,24.157,0
-6.0954e-07,-4.857e-06,-4.2475e-06,853.12,900,24.184,0
-6.1127e-07,-4.8783e-06,-4.267e-06,854.05,900,24.21,0
-6.13e-07,-4.8995e-06,-4.2865e-06,854.99,900,24.237,0
-6.1474e-07,-4.9192e-06,-4.3044e-06,855.92,900,24.263,0
-6.1648e-07,-4.9389e-06,-4.3224e-06,856.85,900,24.29,0
-6.1822e-07,-4.9585e-06,-4.3403e-06,857.79,900,24.316,0
-6.1997e-07,-4.9782e-06,-4.3583e-06,858.72,900,24.343,0
-6.2171e-07,-4.9979e-06,-4.3762e-06,859.66,900,24.369,0
-6.2345e-07,-5.0176e-06,-4.3942e-06,860.59,900,24.396,0
-6.2519e-07,-5.0373e-06,-4.4121e-06,861.53,900,24.422,0
-6.2693e-07,-5.057e-06,-4.43e-06,862.46,900,24.449,0
-6.2867e-07,-5.0767e-06,-4.448e-06,863.39,900,24.475,0
-6.3042e-07,-5.0963e-06,-4.4659e-06,864.33,900,24.502,0
-6.3216e-07,-5.116e-06,-4.4839e-06,865.26,900,24.528,0
-6.339e-07,-5.1357e-06,-4.5018e-06,866.2,900,24.555,0
-6.3564e-07,-5.1554e-06,-4.5198e-06,867.13,900,24.581,0
-6.3732e-07,-5.175e-06,-4.5377e-06,868.07,900,24.608,0
-6.3857e-07,-5.1941e-06,-4.5555e-06,869,900,24.634,0
-6.3982e-07,-5.2132e-06,-4.5734e-06,869.93,900,24.661,0
-6.4108e-07,-5.2323e-06,-4.5912e-06,870.87,900,24.687,0
-6.4233e-07,-5.2514e-06,-4.609e-06,871.8,900,24.713,0
-6.4358e-07,-5.2705e-06,-4.6269e-06,872.74,900,24.74,0
-6.4483e-07,-5.2895e-06,-4.6447e-06,873.67,900,24.766,0
-6.4609e-07,-5.3086e-06,-4.6626e-06,874.61,900,24.793,0
-6.4734e-07,-5.3277e-06,-4.6804e-06,875.54,900,24.819,0
-6.4859e-07,-5.3468e-06,-4.6982e-06,876.47,900,24.846,0
-6.4985e-07,-5.3659e-06,-4.7161e-06,877.41,900,24.872,0
-6.511e-07,-5.385e-06,-4.7339e-06,878.34,900,24.899,0
-6.5235e-07,-5.4041e-06,-4.7517e-06,879.28,900,24.925,0
-6.5361e-07,-5.4232e-06,-4.7696e-06,880.21,900,24.952,0
-6.5475e-07,-5.4421e-06,-4.7874e-06,881.15,900,24.978,0
-6.5512e-07,-5.4599e-06,-4.8048e-06,882.08,900,25.005,0
-6.555e-07,-5.4777e-06,-4.8222e-06,883.01,900,25.031,0
-6.5588e-07,-5.4955e-06,-4.8396e-06,883.95,900,25.058,0
-6.5626e-07,-5.5133e-06,-4.857e-06,884.88,900,25.084,0
-6.5663e-07,-5.5311e-06,-4.8744e-06,885.82,900,25.111,0
-6.5701e-07,-5.5489e-06,-4.8919e-06,886.75,900,25.137,0
-6.5739e-07,-5.5667e-06,-4.9093e-06,887.69,900,25.164,0
-6.5777e-07,-5.5845e-06,-4.9267e-06,888.62,900,25.19,0
-6.5814e-07,-5.6023e-06,-4.9441e-06,889.55,900,25.217,0
-6.5852e-07,-5.6201e-06,-4.9615e-06,890.49,900,25.243,0
-6.589e-07,-5.6379e-06,-4.979e-06,891.42,900,25.27,0
-6.5928e-07,-5.6557e-06,-4.9964e-06,892.36,900,25.296,0
-6.5965e-07,-5.6734e-06,-5.0138e-06,893.29,900,25.323,0
-6.6003e-07,-5.6912e-06,-5.0312e-06,894.23,900,25.349,0
-6.603e-07,-5.7098e-06,-5.0495e-06,895.16,900,25.376,0
-6.6058e-07,-5.7283e-06,-5.0677e-06,896.09,900,25.402,0
-6.6085e-07,-5.7469e-06,-5.086e-06,897.03,900,25.429,0
-6.6112e-07,-5.7654e-06,-5.1043e-06,897.96,900,25.455,0
-6.614e-07,-5.7839e-06,-5.1225e-06,898.9,900,25.482,0
-6.6167e-07,-5.8025e-06,-5.1408e-06,899.83,900,25.508,0
-6.6194e-07,-5.821e-06,-5.1591e-06,900.76,900,25.535,0
-6.6222e-07,-5.8395e-06,-5.1773e-06,901.7,900,25.561,0
-6.6249e-07,-5.8581e-06,-5.1956e-06,902.63,900,25.587,0
-6.6276e-07,-5.8766e-06,-5.2139e-06,903.57,900,25.614,0
-6.6304e-07,-5.8952e-06,-5.2321e-06,904.5,900,25.64,0
-6.6331e-07,-5.9137e-06,-5.2504e-06,905.44,900,25.667,0
-6.6358e-07,-5.9322e-06,-5.2687e-06,906.37,900,25.693,0
-6.6386e-07,-5.9508e-06,-5.2869e-06,907.3,900,25.72,0
-6.6441e-07,-5.9699e-06,-5.3055e-06,908.24,900,25.746,0
-6.6504e-07,-5.9891e-06,-5.3241e-06,909.17,900,25.773,0
-6.6567e-07,-6.0084e-06,-5.3427e-06,910.11,900,25.799,0
-6.663e-07,-6.0276e-06,-5.3613e-06,911.04,900,25.826,0
-6.6693e-07,-6.0469e-06,-5.3799e-06,911.98,900,25.852,0
-6.6756e-07,-6.0661e-06,-5.3986e-06,912.91,900,25.879,0
-6.6819e-07,-6.0854e-06,-5.4172e-06,913.84,900,25.905,0
-6.6882e-07,-6.1046e-06,-5.4358e-06,914.78,900,25.932,0
-6.6945e-07,-6.1239e-06,-5.4544e-06,915.71,900,25.958,0
-6.7008e-07,-6.1431e-06,-5.4731e-06,916.65,900,25.985,0
-6.7071e-07,-6.1624e-06,-5.4917e-06,917.58,900,26.011,0
-6.7134e-07,-6.1817e-06,-5.5103e-06,918.52,900,26.038,0
-6.7197e-07,-6.2009e-06,-5.5289e-06,919.45,900,26.064,0
-6.726e-07,-6.2202e-06,-5.5476e-06,920.38,900,26.091,0
-6.7314e-07,-6.2393e-06,-5.5662e-06,921.32,900,26.117,0
-6.7356e-07,-6.2584e-06,-5.5848e-06,922.25,900,26.144,0
-6.7398e-07,-6.2774e-06,-5.6035e-06,923.19,900,26.17,0
-6.744e-07,-6.2965e-06,-5.6221e-06,924.12,900,26.197,0
-6.7482e-07,-6.3156e-06,-5.6408e-06,925.06,900,26.223,0
-6.7524e-07,-6.3346e-06,-5.6594e-06,925.99,900,26.25,0
-6.7566e-07,-6.3537e-06,-5.678e-06,926.92,900,26.276,0
-6.7608e-07,-6.3728e-06,-5.6967e-06,927.86,900,26.303,0
-6.765e-07,-6.3918e-06,-5.7153e-06,928.79,900,26.329,0
-6.7692e-07,-6.4109e-06,-5.734e-06,929.73,900,26.356,0
-6.7735e-07,-6.4299e-06,-5.7526e-06,930.66,900,26.382,0
-6.7777e-07,-6.449e-06,-5.7712e-06,931.6,900,26.408,0
-6.7819e-07,-6.4681e-06,-5.7899e-06,932.53,900,26.435,0
-6.7861e-07,-6.4871e-06,-5.8085e-06,933.46,900,26.461,0
nan,nan,nan,nan,900,26.488,0
